user,week 1,week 2,week 3,week 4,week 5,week 6,week 7,week 8,week 9,week 10,week 11,week 12,week 13,week 14,week 15,week 16,week 17,week 18,week 19,week 20,week 21,week 22,week 23,week 24,week 25,week 26,week 27,week 28,week 29,week 30,week 31,week 32,week 33,week 34,week 35,week 36,week 37,week 38,week 39,week 40,week 41,week 42,week 43,week 44,week 45,week 46,week 47,week 48,week 49,week 50,week 51,week 52,week 53,week 54,week 55,week 56,week 57,week 58,week 59,week 60,week 61,week 62,week 63,week 64,week 65,week 66,week 67,week 68,week 69,week 70,week 71,week 72,week 73,week 74,week 75,week 76,week 77,week 78,week 79,week 80,week 81,week 82,week 83,week 84,week 85,week 86,week 87,week 88,week 89,week 90,week 91,week 92,week 93,week 94,week 95,week 96,week 97,week 98,week 99,week 100
BNR0965,,1 2 1 1 2 1 1 2 1 1 2 1 1 2 ,1 1 
KJJ0293,,1 1 1 2 2 1 6 3 3 3 7 1 6 3 3 7 2 1 1 2 2 1 1 6 7 6 7 2 1 1 2 ,1 1 2 
CCW0524,,1 2 1 2 1 2 1 2 1 2 ,1 
DLS0383,,1 2 1 1 2 1 1 2 1 1 2 1 1 2 ,1 
ASM0575,,1 1 2 1 1 2 1 1 2 1 1 2 1 1 2 ,1 
LEM0605,,1 2 1 2 1 2 1 2 1 2 ,1 
MHG0244,,1 2 1 2 1 2 1 2 1 2 ,1 
NWT0098,,1 6 7 3 3 6 7 6 3 3 7 2 1 6 7 6 7 2 1 6 7 6 7 2 1 6 3 7 6 3 7 6 7 2 1 6 7 6 3 7 2 ,1 3 3 
BAH0875,,1 2 1 2 1 2 1 2 1 2 1 2 ,1 
CJH0702,,1 2 1 2 1 2 1 2 1 2 ,1 
NAH0503,1 5 5 5 4 5 4 5 5 5 5 5 4 4 5 5 5 5 5 5 5 5 4 4 4 4 4 4 4 4 4 4 4 2 ,1 2 1 1 2 2 1 2 1 2 1 1 2 2 ,1 
NRF0137,,1 2 1 2 1 2 1 2 1 2 ,1 
TYB0779,,1 2 1 1 2 1 1 2 1 1 2 1 1 2 ,1 1 
ZJE0857,,1 2 1 2 1 2 1 2 1 2 1 2 ,1 
EHR0096,,1 2 1 2 1 2 1 2 1 2 ,1 
MLD0755,,1 1 2 1 1 2 1 1 2 1 1 2 1 1 2 ,1 
GOK0238,,1 2 1 2 1 2 1 2 1 2 ,1 
QPM0727,,1 2 1 2 1 2 1 2 1 2 ,1 
JCW0858,,1 2 1 2 1 2 1 2 1 2 ,1 
CKB0482,,1 2 1 2 1 2 1 2 1 2 ,1 
MBJ0312,,1 1 6 3 3 3 7 2 1 6 3 7 6 3 3 7 1 6 3 7 2 1 6 3 7 6 3 3 7 1 6 3 7 6 3 3 3 7 2 1 1 6 7 6 7 6 7 2 1 6 3 7 6 3 7 1 6 3 7 6 3 7 6 3 7 2 ,1 6 1 3 
RAS0432,,1 2 1 1 2 1 2 1 1 2 1 1 2 ,1 
TLM0797,,1 2 1 2 1 2 1 2 1 2 ,1 
JAV0361,,1 2 1 2 1 2 1 2 1 2 1 2 1 2 1 2 1 2 1 2 1 2 1 2 1 2 1 2 1 2 1 2 1 2 1 2 1 2 1 2 1 2 ,1 2 1 1 2 2 1 
WTR0563,,1 2 1 2 1 2 1 2 1 2 ,1 
OJK0233,,1 2 1 2 1 2 1 2 1 2 ,1 
DSB0731,,1 2 1 2 1 2 1 2 1 2 ,1 
MSD0939,,1 4 4 2 1 2 1 2 1 2 1 2 ,1 
JNJ0556,,1 6 3 7 6 3 3 3 7 6 3 3 3 3 7 6 7 6 3 3 3 3 7 6 3 7 6 3 3 3 7 6 3 7 6 3 3 3 3 3 3 3 3 7 2 1 6 7 6 3 3 3 7 6 3 3 3 7 6 3 7 6 7 6 3 7 6 3 3 3 3 3 3 7 6 3 3 3 7 6 3 3 3 3 3 3 7 3 2 1 6 7 6 3 3 3 3 3 7 6 3 3 3 7 6 3 3 3 7 6 3 3 3 3 7 6 7 3 3 6 3 3 3 7 6 3 3 7 6 3 3 3 7 2 1 6 3 3 3 3 3 3 3 7 6 3 3 3 3 7 6 3 3 3 7 6 3 7 6 3 3 3 3 3 7 6 3 3 7 6 3 3 3 3 3 7 2 1 6 3 3 7 6 3 3 7 6 3 3 3 3 3 3 3 7 6 7 3 6 3 3 7 6 3 7 6 3 3 3 7 6 7 6 3 3 3 7 3 2 ,1 3 3 3 3 3 3 3 3 3 3 3 3 3 3 3 3 3 3 3 3 3 3 3 3 3 3 3 3 3 3 
DEB0782,,1 2 1 2 1 2 1 2 1 2 ,1 
SER0165,,1 2 1 2 1 2 1 2 1 2 ,1 
KMW0545,,1 1 2 1 1 2 1 2 1 1 2 1 1 2 ,1 
HJS0072,,1 1 6 3 3 3 3 3 7 3 2 1 6 3 7 1 6 3 3 7 2 1 1 2 1 6 3 3 7 2 1 1 2 1 6 3 3 3 7 3 1 6 3 3 3 7 2 1 2 ,1 6 3 3 3 3 3 3 3 7 1 3 3 3 
XBN0229,,1 2 1 2 1 2 1 2 1 2 ,1 
SLP0762,,1 2 1 2 1 2 1 2 1 2 ,1 
PGH0184,,1 1 2 1 1 2 1 2 1 1 2 1 1 2 ,1 
CRP0456,,1 2 1 2 1 2 1 2 1 2 ,1 
ASG0048,,1 2 1 2 1 2 1 2 1 2 ,1 
KCO0122,,1 1 6 3 7 6 3 3 3 3 7 2 1 1 6 3 3 3 7 6 3 3 7 3 2 1 6 3 7 6 3 3 7 2 1 6 7 1 6 3 3 7 6 7 2 1 1 6 3 3 7 6 3 3 7 2 ,1 3 
HPH0075,1 5 5 5 5 5 5 5 6 5 5 5 5 5 5 5 3 7 3 5 5 5 5 5 5 5 5 5 5 5 5 5 5 5 5 5 5 5 5 5 5 5 5 5 5 5 5 5 5 5 5 5 5 5 5 5 5 5 5 5 6 5 5 3 3 3 7 5 5 4 6 3 3 3 3 3 4 3 7 4 4 4 4 4 4 4 4 4 4 1 6 3 3 3 4 4 4 4 4 3 3 3 3 7 6 7 6 7 4 4 6 3 3 7 2 ,1 6 3 3 7 6 3 3 3 3 3 3 3 3 3 3 7 1 6 3 3 3 7 6 3 7 6 3 3 3 3 3 7 6 3 3 7 6 3 3 3 3 7 2 1 6 3 3 3 3 3 3 3 7 3 3 3 3 6 7 6 3 3 3 7 6 7 3 6 3 3 7 6 3 3 7 6 3 7 6 3 7 3 6 3 3 7 2 1 6 3 3 3 3 3 3 3 3 7 1 6 3 3 7 3 3 6 7 3 6 3 3 7 6 3 3 3 3 3 7 6 3 3 3 3 3 7 6 7 2 1 6 3 7 6 3 7 6 3 3 7 6 3 3 3 3 7 3 3 3 3 3 3 6 3 7 3 1 6 3 3 7 6 3 7 3 6 3 7 3 2 1 6 3 7 6 3 3 3 3 3 3 7 6 3 7 6 3 3 3 7 6 7 6 3 3 3 3 3 3 3 7 6 3 3 3 3 7 6 7 2 1 6 3 3 7 6 3 3 7 6 3 7 1 6 3 3 3 3 3 3 7 3 3 6 3 3 3 7 6 3 7 6 3 3 7 6 3 3 7 6 3 3 7 2 ,1 6 3 3 3 3 3 3 3 3 3 3 3 7 3 3 3 1 3 3 3 3 3 3 3 3 3 3 3 3 3 3 3 3 3 3 3 3 3 3 3 3 
LOM0086,,1 4 6 3 7 3 1 6 3 7 6 3 3 3 7 2 1 1 6 3 3 3 3 3 3 3 3 3 3 7 2 1 1 6 7 6 7 2 1 1 6 3 7 6 3 3 7 2 1 6 7 6 3 3 7 1 6 3 7 6 3 3 3 7 2 ,1 6 1 2 3 3 3 3 3 3 3 3 
DPS0262,,1 2 1 2 1 2 1 2 1 2 1 2 ,1 
CSB0080,,1 2 1 2 1 2 1 2 1 2 ,1 
HWM0342,,1 2 1 2 1 2 1 2 1 2 ,1 1 2 
RHL0992,,1 6 7 1 6 7 2 1 6 3 3 3 3 7 1 2 1 6 7 1 6 2 7 2 1 6 7 3 1 6 7 6 7 2 1 1 6 3 3 7 6 3 7 2 ,1 3 3 3 3 3 
SBD0913,,1 4 2 1 2 1 2 1 2 1 2 ,1 
KJP0371,,1 2 1 2 1 2 1 2 1 2 1 2 1 2 1 2 1 2 1 1 2 2 1 2 1 2 1 2 1 1 2 2 1 2 1 2 1 2 1 2 1 2 1 2 ,1 2 1 
TJB0302,,1 2 1 2 1 2 1 2 1 2 ,1 
CMM0487,,1 2 1 2 1 2 1 2 1 2 ,1 
CMB0912,,1 4 4 4 4 4 4 4 4 4 4 4 4 4 4 1 2 1 4 4 4 4 4 4 4 4 4 4 4 1 2 1 1 2 1 2 2 1 1 2 1 1 2 1 1 2 2 1 1 2 ,1 1 2 1 1 2 1 
HSP0290,,1 2 1 2 1 2 1 2 1 2 ,1 
MOH0273,1 4 4 5 5 6 3 5 3 5 5 5 7 6 5 3 3 7 5 5 5 5 5 5 5 5 5 5 5 5 5 5 5 5 5 5 5 6 3 3 5 3 5 7 5 6 7 5 6 3 3 3 3 3 3 3 3 3 7 3 3 4 4 6 3 3 7 4 4 4 6 4 3 3 3 7 4 2 ,1 6 7 6 3 7 6 3 3 3 7 6 3 7 6 3 7 6 7 6 7 6 3 3 3 3 3 7 6 3 3 3 3 3 7 2 1 6 3 7 3 3 3 6 7 3 6 3 3 3 3 3 3 7 6 3 3 3 7 3 6 3 3 3 7 6 7 3 3 3 3 6 3 3 3 3 7 3 2 1 6 7 6 3 3 3 7 3 6 7 6 3 7 3 3 3 3 6 7 3 3 3 6 3 3 3 3 3 3 3 3 7 6 7 3 3 3 3 3 3 3 2 1 6 3 3 3 3 3 3 3 3 3 3 7 6 3 3 7 6 3 3 7 6 3 3 3 7 6 3 3 7 6 3 7 3 6 3 7 3 6 3 3 7 6 3 3 7 2 1 6 3 3 3 3 7 6 7 6 7 6 3 3 3 3 7 6 3 3 3 7 6 3 7 6 3 3 3 3 3 3 7 3 6 3 3 3 7 6 7 2 1 6 3 3 3 7 6 3 3 3 3 3 7 6 7 6 3 3 3 7 6 3 3 3 7 6 3 7 6 7 3 6 3 3 7 3 6 3 3 7 2 ,1 3 3 3 3 3 3 3 3 3 3 3 3 3 3 3 3 3 3 3 3 3 3 3 3 3 3 3 3 3 3 3 3 3 3 3 3 3 3 3 3 3 3 3 
LAP0338,1 4 5 5 5 5 5 5 4 4 5 5 5 5 5 5 2 ,1 4 4 4 1 2 1 2 1 1 2 1 1 2 1 1 2 1 1 2 1 1 2 ,1 1 2 1 1 
CQH0701,,1 1 2 1 6 3 3 3 7 1 2 1 2 1 6 3 3 3 3 3 3 7 1 2 1 1 2 ,1 
DGF0443,,1 2 1 2 1 2 1 2 1 2 ,1 
ENL0100,,1 2 1 2 1 2 1 2 1 2 ,1 
BDI0533,1 5 5 5 5 5 5 5 5 5 4 4 4 1 2 ,1 6 3 3 7 3 4 4 4 1 2 1 6 3 7 6 3 3 3 3 3 3 7 2 1 6 3 7 6 3 1 6 3 3 7 6 3 7 2 1 1 2 1 6 3 3 3 3 3 3 3 3 3 3 3 7 6 3 3 3 7 6 7 2 1 6 3 7 1 6 3 3 3 3 7 6 3 7 2 ,1 6 3 3 3 3 7 6 3 7 1 2 1 3 3 3 3 3 3 3 3 3 
CIG0052,,1 2 1 2 1 2 1 2 1 2 ,1 
JLW0053,,1 2 1 2 1 2 1 2 1 2 ,1 
AIP0982,,1 1 2 1 1 2 1 6 3 3 3 3 3 3 3 3 7 6 3 3 3 3 3 3 7 3 3 2 1 6 3 3 3 3 3 3 3 3 3 3 3 3 3 3 3 3 3 3 3 3 3 3 3 3 3 3 3 7 1 2 1 1 6 3 3 3 3 3 3 3 3 3 3 3 3 3 3 3 3 3 3 3 3 3 3 3 3 3 3 3 7 2 ,1 3 3 3 3 3 3 3 3 3 3 3 3 3 3 3 3 3 3 3 3 3 3 3 3 3 3 3 3 3 3 3 3 3 3 3 3 3 3 3 3 3 3 3 3 3 3 3 
CAM0102,,1 2 1 2 1 2 1 2 1 2 ,1 
DOL0332,,1 4 2 1 2 1 2 1 2 1 2 ,1 
RAW0915,1 5 5 5 5 5 5 5 5 5 5 5 5 5 5 5 5 5 5 5 5 6 5 5 7 5 5 5 5 6 7 1 4 4 4 4 4 4 4 4 2 ,1 1 6 7 2 1 1 2 1 1 6 7 2 1 6 7 1 2 1 1 2 2 ,1 3 3 
SBN0866,,1 6 3 3 3 7 6 3 3 3 3 3 3 3 3 3 3 3 3 3 3 3 3 3 3 3 3 3 3 7 2 1 2 1 2 1 2 1 6 3 3 3 3 3 3 3 3 3 3 3 3 3 3 3 3 3 3 3 3 3 7 3 3 3 2 ,1 3 3 3 3 3 3 3 3 3 3 3 3 3 3 3 3 3 3 3 3 3 3 3 3 3 3 3 
BMT0528,,1 6 3 3 3 3 7 3 3 2 1 6 3 3 3 3 7 6 3 7 6 3 3 7 2 1 6 3 7 6 3 7 6 7 6 3 3 7 1 2 2 1 2 1 6 3 7 6 3 3 7 2 ,1 3 3 3 3 3 3 3 3 3 3 3 
JDB0169,,1 6 3 3 3 3 3 3 7 3 3 3 6 3 3 3 3 7 6 3 3 3 7 6 3 3 7 6 7 1 6 7 6 3 3 3 3 3 7 6 3 7 2 1 6 7 3 3 3 3 3 3 3 3 3 3 3 6 3 7 6 3 3 7 3 1 6 3 3 7 6 3 3 7 6 3 3 3 7 2 1 6 3 3 3 7 6 3 3 3 7 6 7 6 3 7 6 3 3 3 7 6 3 7 6 3 3 3 7 6 3 7 2 1 1 6 7 3 3 6 3 3 7 6 3 3 3 3 3 3 3 3 7 6 3 3 3 7 6 3 7 6 3 3 3 3 3 3 7 6 3 3 3 7 2 1 6 3 3 7 6 3 3 7 3 3 3 3 3 3 1 6 3 3 3 7 6 3 7 6 3 3 3 7 6 3 7 6 3 7 6 3 3 3 7 6 3 7 2 ,1 6 3 3 3 3 7 6 3 3 7 3 3 3 3 3 3 3 3 3 3 3 3 3 3 3 3 3 3 3 3 3 3 3 3 3 3 3 3 3 
VCY0751,,1 1 2 1 1 2 1 2 1 1 2 1 1 2 ,1 
LJB0826,,1 2 1 2 1 2 1 2 1 2 ,1 
LMF0980,,1 2 1 1 2 1 1 2 1 1 2 1 1 2 ,1 
AHM0410,,1 6 3 3 3 7 3 3 6 3 3 7 2 1 6 3 3 3 3 3 3 7 1 6 3 3 3 7 2 1 6 3 7 1 2 6 3 3 3 3 3 7 2 1 1 6 3 3 7 6 3 3 3 3 3 3 3 3 3 7 2 1 1 6 3 3 3 3 3 3 3 3 7 2 ,1 
SXM0895,,1 2 1 2 1 2 1 2 1 2 ,1 
RLB0719,,1 2 1 2 1 2 1 2 1 2 ,1 
IJM0444,,1 1 2 1 6 7 3 3 3 3 3 3 3 3 2 1 6 3 3 3 3 3 3 3 7 1 2 1 6 3 3 3 3 3 3 7 6 3 3 3 3 3 3 3 7 2 1 1 2 1 1 2 ,1 3 3 3 3 3 3 3 3 3 
LJJ0905,,1 2 1 2 1 1 2 2 1 2 1 2 ,1 
IBB0696,,1 4 1 6 3 7 2 1 6 7 6 7 1 2 1 6 7 6 7 6 7 2 1 6 7 1 6 7 6 7 2 1 1 6 3 3 7 2 ,1 6 3 3 3 3 3 3 3 3 3 3 
NKH0807,,1 2 1 2 1 2 1 2 1 2 ,1 
LRW0970,,1 2 1 2 1 2 1 2 1 2 ,1 
CJC0494,,1 2 1 2 1 2 1 2 1 2 ,1 
SAK0375,,1 2 1 2 1 1 2 2 1 2 1 2 1 2 1 2 1 2 1 2 1 2 1 2 1 2 1 2 1 2 1 2 1 2 1 1 2 2 1 2 1 2 1 2 1 2 ,1 2 1 
KJW0416,,1 4 4 4 2 1 2 1 2 1 2 1 2 ,1 
AOK0844,1 5 5 5 6 3 3 3 3 3 3 7 3 4 2 ,1 4 1 2 1 1 2 1 6 3 7 6 3 3 3 3 7 1 6 3 3 7 2 1 1 2 1 6 7 6 7 6 7 6 7 3 1 2 2 1 1 2 1 1 2 ,1 2 1 1 
PES0085,,1 2 1 1 2 1 2 1 1 2 1 1 2 ,1 1 
PAD0773,,1 1 1 2 2 1 6 3 3 3 3 7 1 6 3 3 3 3 3 3 3 3 3 3 3 3 3 3 3 3 7 6 3 3 3 3 3 7 3 2 1 1 2 1 1 2 1 1 2 ,1 1 2 1 
ILR0304,,1 2 1 2 1 2 1 2 1 2 ,1 
OSH0655,,1 2 1 2 1 2 1 2 1 2 ,1 
FKB0163,,1 2 1 2 1 2 1 2 1 2 ,1 
DGM0754,,1 2 1 2 1 2 1 2 1 2 ,1 
FSC0601,,1 6 7 6 7 2 1 2 1 6 7 6 3 3 3 7 2 1 6 7 2 1 6 3 3 7 6 7 6 3 3 3 7 2 ,1 6 3 7 3 3 3 3 
ICS0956,,1 2 1 2 1 2 1 2 1 2 ,1 
MDM0625,,1 6 3 3 3 3 3 3 3 3 3 7 6 3 3 3 7 6 3 3 3 7 1 6 3 3 3 3 7 6 3 7 6 3 3 7 6 3 3 7 6 3 3 7 3 2 1 6 3 3 3 7 6 3 3 3 7 6 7 1 6 3 3 3 3 3 3 3 3 3 3 3 7 6 3 3 3 7 6 3 3 3 7 6 7 6 3 3 3 3 7 2 1 6 3 3 3 7 6 3 3 3 3 3 3 3 3 7 6 3 3 3 3 3 7 6 3 7 6 3 7 3 6 3 3 3 3 7 6 3 3 7 6 3 3 7 2 1 6 3 7 6 3 3 3 7 6 3 3 7 6 7 6 3 3 3 3 3 3 7 6 3 3 3 7 1 6 7 3 6 3 3 7 2 1 6 3 3 7 6 3 3 3 7 6 3 3 3 3 7 1 6 3 3 7 6 3 3 3 7 6 3 3 3 3 3 3 7 3 3 3 6 3 3 3 3 7 6 7 2 ,1 1 2 6 3 3 7 6 3 3 3 3 3 3 3 3 3 3 3 3 3 3 3 3 3 3 3 3 3 3 3 3 3 3 3 3 3 3 3 3 3 3 3 3 3 3 3 3 3 3 3 3 3 3 3 
FRL0511,,1 2 1 2 1 2 1 2 1 2 ,1 
DMK0257,,1 6 3 3 3 3 3 3 7 3 1 2 1 2 1 6 3 3 7 1 6 3 3 3 3 3 3 3 7 2 1 6 3 3 3 3 7 6 3 7 1 6 7 2 1 2 1 1 6 3 7 6 7 3 3 2 1 6 3 3 7 1 6 3 3 3 7 2 ,1 3 3 3 3 3 
JJB0700,,1 2 1 2 1 2 1 2 1 2 ,1 
HAM0985,,1 2 1 2 1 2 1 2 1 2 ,1 
NCH0179,,1 2 1 2 1 2 1 2 1 2 ,1 
GZB0469,,1 2 1 2 1 2 1 2 1 2 ,1 
QSV0778,,1 2 1 2 1 2 1 2 1 2 ,1 
CKB0427,,1 2 1 2 1 2 1 2 1 2 ,1 
SSS0345,,1 2 1 2 1 2 1 2 1 2 ,1 
TVS0050,,1 4 4 4 4 4 4 4 4 4 4 4 4 4 4 1 4 4 2 4 4 1 2 1 2 1 1 2 1 1 2 1 2 1 2 1 1 2 1 1 2 ,1 1 2 
ADD0846,,1 2 1 2 1 2 1 2 1 2 ,1 
AIB0948,,1 6 7 6 7 1 6 7 6 7 6 7 6 7 6 7 6 7 6 7 2 1 6 7 6 7 6 7 6 7 3 3 1 6 7 3 6 3 7 6 7 6 3 7 6 3 7 2 1 1 2 6 7 6 7 6 7 6 3 3 7 6 3 7 6 7 6 7 6 7 6 3 7 2 1 6 7 6 7 6 7 6 3 3 7 3 1 6 7 6 7 6 7 6 3 7 6 7 2 1 6 7 6 7 6 7 6 3 7 1 6 7 6 7 6 7 6 7 6 7 2 ,1 6 7 6 7 1 3 
KTG0091,,1 4 4 4 2 1 2 1 2 1 2 1 2 ,1 
SMH0291,1 5 5 4 2 ,1 1 4 2 1 2 1 1 2 1 1 2 1 1 2 2 1 1 2 1 1 2 ,1 1 2 2 1 
BHW0458,,1 2 1 2 1 2 1 2 1 2 ,1 
NJC0705,,1 2 1 2 1 2 1 2 1 2 ,1 
OKC0107,,1 2 1 2 1 2 1 2 1 2 ,1 
UBF0645,,1 2 1 2 1 2 1 2 1 2 ,1 
BWH0813,,1 2 1 2 1 2 1 2 1 2 ,1 
HRW0550,,1 2 1 2 1 2 1 2 1 2 ,1 
JSA0775,,1 2 1 2 1 2 1 2 1 2 ,1 
JKB0126,,1 2 1 2 1 2 1 2 1 2 ,1 
WGR0833,,1 2 1 2 1 2 1 2 1 2 ,1 
ATF0274,,1 2 1 2 1 2 1 2 1 2 ,1 
RAG0275,,1 2 1 2 1 2 1 2 1 2 ,1 
LAM0911,,1 1 2 1 1 2 1 2 1 1 2 1 1 2 ,1 
JKJ0698,1 5 5 4 2 ,1 4 2 1 2 1 2 1 2 2 1 2 1 2 ,1 1 2 2 1 
ZKS0899,,1 6 3 3 3 3 3 3 7 6 3 3 3 3 7 6 3 7 6 3 3 7 6 3 7 6 3 3 7 6 3 3 7 6 3 7 3 3 2 1 6 3 3 3 3 3 3 3 3 3 7 3 3 6 3 3 7 6 3 3 7 6 3 3 7 6 3 7 6 3 3 7 6 3 3 3 7 6 3 7 2 1 6 7 3 6 3 3 7 6 3 7 6 7 6 3 3 3 3 3 3 7 6 3 3 7 6 3 3 3 3 3 3 3 3 3 7 6 3 3 3 3 3 7 6 3 7 2 1 6 3 3 7 6 3 7 3 6 3 3 3 3 3 3 3 7 3 3 6 3 3 3 7 6 3 3 7 6 3 3 3 7 6 3 3 7 6 3 3 7 6 3 7 3 2 1 6 3 3 3 7 6 3 7 6 3 7 6 3 7 6 3 7 6 7 6 3 3 3 3 7 6 3 3 7 6 3 3 3 3 3 3 3 3 3 3 3 7 2 ,1 3 3 3 3 3 3 3 3 3 3 3 3 3 3 3 3 3 3 3 3 3 3 3 3 3 3 3 3 3 3 3 3 3 3 3 3 3 3 3 3 3 3 3 3 3 
BDB0453,,1 2 1 2 1 2 1 2 1 2 1 2 ,1 
ZSB0649,,1 2 1 2 1 2 1 2 1 2 ,1 
ACV0812,,1 1 2 2 1 1 2 1 1 2 2 1 2 1 1 2 1 1 2 ,1 
JRF0835,,1 2 1 2 1 2 1 2 1 2 ,1 
RSC0089,,1 6 7 6 7 1 6 7 6 7 6 7 6 7 6 7 1 2 6 7 6 7 2 1 1 6 7 3 6 7 6 3 7 6 3 7 6 7 6 3 3 7 6 7 6 7 3 6 7 2 1 6 7 6 7 3 3 3 6 7 6 7 6 7 6 7 6 7 6 7 2 1 6 7 6 3 7 6 3 7 1 6 7 6 7 6 3 7 6 7 6 7 3 2 1 6 7 6 7 6 3 7 6 3 7 1 6 7 6 3 7 6 7 6 3 7 6 7 2 ,1 6 7 6 7 1 
RBB0485,,1 2 1 2 1 2 1 2 1 2 ,1 
HCS0003,,1 6 3 3 7 6 3 3 7 6 3 3 3 3 3 3 7 2 1 6 3 7 3 6 3 3 3 7 6 3 7 2 1 6 3 7 6 3 3 3 3 7 6 3 3 3 3 7 2 1 6 3 3 3 7 6 3 3 7 6 3 3 3 3 7 3 2 1 6 3 3 3 7 6 3 3 3 3 3 3 7 6 3 3 7 6 3 3 7 2 ,1 6 3 3 3 3 7 3 3 3 3 3 3 3 3 3 3 3 3 3 3 3 3 
LCB0664,,1 6 7 6 7 6 7 6 7 6 7 1 6 7 6 7 6 7 6 7 2 1 6 7 6 7 6 7 6 7 6 7 1 6 7 6 7 6 7 6 7 2 1 6 7 6 3 7 6 3 7 6 7 6 7 6 7 3 6 7 6 7 6 3 3 7 1 1 2 2 1 6 7 6 7 6 7 6 7 6 7 1 6 7 6 3 3 7 6 7 6 7 2 1 6 7 6 7 6 3 3 7 6 7 6 7 1 6 7 6 7 6 7 6 7 2 ,1 6 7 6 7 6 7 6 3 7 6 7 1 3 3 3 3 
HPM0986,,1 2 1 2 1 2 1 2 1 2 ,1 
KAC0124,,1 2 1 2 1 2 1 2 1 2 ,1 
PNH0761,,1 2 1 6 3 3 3 3 3 3 3 3 3 3 3 3 3 3 3 3 3 3 3 3 3 3 3 3 3 3 7 2 1 6 3 3 3 3 3 3 3 3 3 3 3 3 3 3 3 3 7 3 3 3 3 3 3 3 3 3 2 1 2 1 2 ,1 1 2 3 3 3 3 3 3 3 3 3 3 3 3 3 3 3 3 3 3 3 3 3 3 
PGO0433,,1 2 1 2 1 2 1 2 1 2 ,1 
DTP0379,,1 1 2 1 1 2 1 1 1 2 2 1 1 2 1 1 2 ,1 1 1 2 
JER0404,,1 2 1 2 1 2 1 2 1 2 ,1 
AAF0535,,1 2 1 6 3 7 6 7 2 1 6 3 3 3 3 3 7 2 1 6 3 7 6 7 2 1 6 7 6 3 7 6 3 7 6 3 7 2 ,1 3 3 
ASL0378,,1 1 2 1 1 2 1 2 1 1 2 1 1 2 ,1 
JRH0455,,1 2 1 2 1 2 1 2 1 2 ,1 
CNE0352,,1 2 1 2 1 2 1 2 1 2 ,1 
SBK0161,,1 2 1 1 2 1 1 2 2 1 1 2 1 1 2 ,1 
SHW0578,,1 2 1 2 1 2 1 2 1 2 ,1 
IBM0671,,1 1 2 1 1 2 1 2 1 6 3 3 3 3 7 1 2 1 1 2 ,1 1 2 
OQH0183,,1 2 1 2 1 2 1 2 1 2 ,1 
FMG0527,,1 2 1 2 1 2 1 2 1 2 ,1 
IAT0263,,1 2 1 2 1 2 1 2 1 2 ,1 
JJM0203,,1 6 3 3 3 7 6 3 7 2 1 6 3 3 7 6 7 3 1 2 1 1 2 6 3 3 3 7 6 3 7 6 3 7 2 1 1 2 1 6 3 3 7 1 6 3 7 2 ,1 3 3 3 3 
SGS0268,,1 2 1 2 1 2 1 2 1 2 ,1 
TEM0977,,1 2 1 2 1 2 1 2 1 2 ,1 
SJO0209,,1 1 1 2 2 1 1 2 1 1 2 2 1 1 6 7 3 3 3 3 3 2 1 1 2 ,1 6 3 3 3 3 7 1 1 2 
ABC0174,1 5 5 5 5 5 5 5 5 5 5 5 5 5 5 5 5 5 5 5 5 5 5 5 5 5 5 5 5 5 5 5 5 5 5 5 5 5 5 5 5 5 5 5 5 5 5 5 5 5 5 5 5 5 5 5 5 5 5 5 5 5 5 5 5 5 5 5 5 5 5 5 5 5 5 5 5 5 1 6 4 4 4 4 4 4 4 4 4 4 4 4 4 4 4 7 6 3 3 7 2 ,1 4 4 4 4 4 4 4 4 4 1 6 3 3 7 3 6 3 7 2 1 6 3 7 1 6 3 7 2 1 1 6 7 2 1 6 3 3 3 7 1 2 1 6 7 6 7 6 7 3 2 1 6 3 3 7 1 6 3 3 7 2 ,1 6 7 1 3 3 3 3 
OLW0689,,1 1 2 1 1 6 3 3 3 3 3 7 6 3 3 7 2 1 6 3 7 6 3 3 7 6 3 3 3 3 7 3 2 1 1 6 3 7 6 3 3 3 3 7 2 1 1 6 3 7 6 3 7 6 3 7 2 ,1 3 3 
TSM0927,,1 2 1 2 1 2 1 2 1 2 ,1 
IUY0279,,1 2 1 1 2 1 1 2 2 1 1 2 1 1 2 ,1 
EWH0191,,1 4 1 2 1 1 2 1 1 2 1 1 2 1 1 2 ,1 
SDB0106,,1 1 2 1 1 2 1 2 1 1 2 1 1 2 ,1 1 
IMP0530,,1 2 1 2 1 2 1 2 1 2 ,1 
MCJ0324,,1 4 2 1 2 1 2 1 2 1 2 ,1 
BSS0463,,1 2 1 2 1 2 1 2 1 2 ,1 
PDH0716,,1 1 6 3 3 7 6 3 3 3 7 2 1 6 3 7 6 3 3 7 1 6 3 3 3 3 3 3 7 2 1 6 3 7 6 3 7 6 7 2 1 6 3 3 3 3 3 7 1 6 3 7 2 1 1 6 7 6 3 3 3 3 3 3 3 7 2 ,1 3 3 3 3 3 3 3 3 3 
MCT0720,,1 2 1 2 1 2 1 2 1 2 ,1 
ERH0449,,1 2 1 2 1 2 1 2 1 2 ,1 
WTF0387,,1 2 1 2 1 2 1 2 1 2 ,1 
HAH0248,,1 2 1 2 1 2 1 2 1 2 ,1 
HCL0113,,1 2 1 2 1 2 1 2 1 2 ,1 
JJH0613,,1 6 3 3 7 1 2 6 3 3 7 6 7 3 6 3 3 3 3 7 2 1 6 3 3 7 6 7 1 6 7 2 1 6 3 3 7 6 3 3 3 3 7 6 3 3 7 2 1 6 7 6 3 7 1 2 1 6 3 7 6 7 1 6 7 2 ,1 6 7 6 7 3 3 3 3 3 3 3 
ZFM0468,,1 2 1 2 1 2 1 2 1 2 ,1 
WDV0573,,1 2 1 2 1 2 1 2 1 2 ,1 
SMW0084,,1 2 1 2 1 2 1 2 1 2 ,1 
CUD0795,,1 2 1 2 1 2 1 2 1 2 ,1 
OYM0026,,1 2 1 2 1 2 1 2 1 2 ,1 
ETR0177,,1 2 1 2 1 2 1 2 1 2 ,1 
JLM0364,,1 2 1 2 1 2 1 2 1 2 1 2 1 2 1 2 1 2 1 2 1 2 1 2 1 2 1 2 1 2 1 2 1 2 1 2 1 2 ,1 2 1 
AJR0319,1 5 5 5 5 5 5 5 5 5 5 4 4 5 4 4 4 5 4 4 4 5 5 5 4 4 5 5 5 5 5 4 4 5 5 5 5 4 5 5 4 5 5 5 5 5 5 5 5 5 5 5 5 5 5 5 5 5 5 5 5 5 5 5 5 5 5 5 5 5 5 5 5 5 5 5 5 5 5 5 5 5 5 5 5 4 2 ,1 4 4 4 4 4 4 4 4 4 4 4 4 4 4 4 1 2 1 4 4 1 2 1 1 2 1 1 2 1 2 1 1 2 ,1 1 2 1 
ESJ0670,1 5 5 5 5 5 5 5 5 5 5 5 5 5 5 5 5 5 5 5 5 5 5 5 5 5 5 5 4 4 4 4 4 4 4 4 4 4 2 ,1 4 4 4 6 4 3 4 4 3 3 4 3 3 3 3 3 3 3 3 3 3 3 3 3 3 3 3 3 3 3 7 4 4 4 2 1 6 3 3 3 3 3 3 3 3 3 3 3 3 3 3 3 3 3 3 3 3 3 7 1 2 2 1 6 3 3 3 3 3 3 3 3 3 3 3 3 3 3 3 3 3 3 3 3 3 3 3 3 3 3 2 1 2 1 1 2 2 1 6 3 3 3 3 3 3 3 3 3 3 3 3 3 3 3 3 7 3 3 3 3 3 3 3 3 3 3 2 1 6 3 3 3 3 3 3 3 3 3 3 3 3 3 3 3 3 3 3 3 3 3 3 7 3 2 ,1 6 3 3 3 3 3 3 3 3 3 3 3 3 3 3 3 7 3 2 1 3 3 3 3 3 3 3 3 3 3 3 3 3 3 3 3 3 3 3 3 3 3 3 
AAM0658,,1 2 1 2 1 2 1 2 1 2 ,1 
UAD0771,,1 6 3 3 7 6 3 3 3 7 6 3 7 2 1 1 6 3 3 3 3 7 6 7 6 3 3 7 3 2 1 6 3 7 6 3 3 3 2 1 6 7 1 6 7 2 1 6 7 6 7 1 6 3 7 3 6 7 2 ,1 3 1 3 3 3 3 3 3 3 3 3 3 
MKG0711,,1 4 2 1 2 1 2 1 2 1 2 ,1 
CKH0144,,1 2 1 2 1 2 1 2 1 2 ,1 
CTA0020,,1 6 7 6 7 6 3 7 6 7 6 7 6 7 6 7 6 7 2 1 6 7 6 7 6 7 6 7 1 6 7 6 7 6 7 2 1 6 7 6 7 6 7 6 7 6 7 6 7 6 7 6 7 2 1 6 3 7 6 3 7 6 3 7 1 6 3 7 6 7 6 3 7 6 7 6 3 7 6 7 2 1 6 7 6 7 6 7 6 7 6 7 1 6 7 6 7 6 7 2 ,1 
PMJ0564,,1 1 1 2 2 1 1 2 1 1 2 2 1 1 2 1 1 2 ,1 1 2 
ENC0234,,1 4 2 1 1 2 1 2 1 1 2 1 1 2 ,1 
CTR0341,1 5 5 5 5 5 1 4 4 4 2 ,1 4 4 4 1 2 1 2 1 1 2 1 1 2 1 2 1 2 1 1 2 1 1 2 ,1 1 2 1 1 
BBS0422,,1 2 1 2 1 6 3 3 7 2 1 6 3 3 3 3 3 7 3 6 3 7 2 1 2 1 1 2 2 ,1 
ATP0662,,1 6 7 3 3 3 3 3 3 2 1 1 6 3 3 7 6 3 7 2 1 6 3 3 3 3 1 2 3 3 3 3 3 7 2 1 2 1 1 2 1 1 2 1 6 3 3 7 2 ,1 2 1 3 3 3 3 3 3 3 3 
RVF0201,,1 2 1 6 7 1 6 7 6 7 2 1 6 7 6 7 6 3 7 2 1 1 6 7 2 1 6 7 1 6 7 2 ,1 3 3 
AJP0723,,1 2 1 2 1 2 1 2 1 2 ,1 
BXJ0010,,1 2 1 2 1 2 1 2 1 2 ,1 
BLS0678,,1 1 2 1 1 2 1 2 1 1 2 1 1 2 ,1 
TAC0300,,1 2 1 2 1 2 1 2 1 2 ,1 
WDD0366,,1 1 2 1 2 1 2 1 1 2 1 2 1 1 2 2 1 2 1 2 1 2 1 1 2 1 2 1 2 1 2 1 1 2 1 2 ,1 2 1 
MKP0861,,1 4 1 2 1 1 2 1 1 2 1 1 2 1 1 2 ,1 
SNC0187,,1 2 1 2 1 2 1 2 1 6 3 3 3 3 3 3 3 3 3 3 3 3 3 3 3 3 3 3 3 3 7 2 ,1 3 3 3 3 3 3 3 3 3 3 3 3 3 3 3 3 3 3 3 3 3 3 3 
DID0650,,1 2 1 2 1 2 1 2 1 2 ,1 
ATE0869,1 5 5 5 5 5 5 5 5 5 5 5 5 5 5 5 5 5 5 5 5 5 5 5 5 5 5 5 5 5 5 5 5 5 5 5 5 5 5 5 5 5 5 5 5 5 5 5 5 4 4 4 4 4 4 4 1 4 4 4 4 4 4 4 4 4 2 ,1 4 4 4 4 4 4 1 6 3 3 3 7 4 4 4 4 6 4 3 3 4 3 4 4 4 3 3 3 7 4 2 1 6 7 2 1 1 2 1 6 3 3 3 3 3 7 1 2 1 6 3 3 3 3 3 3 7 2 1 2 1 1 2 1 1 2 ,1 6 3 3 3 3 3 3 7 3 2 1 1 
HKI0171,,1 2 1 2 1 2 1 2 1 2 ,1 
MDH0580,,1 2 1 6 7 2 1 6 7 3 6 3 3 3 3 7 2 1 6 3 7 6 3 3 3 7 2 1 6 3 7 6 7 6 3 3 7 2 ,1 3 3 3 3 3 3 
EZT0640,,1 1 2 1 1 2 1 1 1 2 2 1 1 2 1 1 2 ,1 
MVB0515,,1 6 3 3 3 3 3 3 3 3 7 2 1 1 2 1 6 7 6 7 3 1 1 2 2 1 6 3 3 3 7 1 6 3 3 3 3 3 3 3 3 7 2 1 1 6 3 3 3 3 3 3 3 3 3 3 7 2 ,1 3 3 3 3 3 3 3 3 3 3 3 
FPC0954,,1 2 1 2 1 2 1 2 1 2 ,1 
CCA0046,,1 6 3 7 2 1 4 4 2 1 6 7 2 1 6 7 3 2 1 6 3 7 2 1 2 1 6 7 2 1 6 7 3 3 3 2 1 1 6 3 3 3 3 3 3 3 7 3 2 2 1 6 7 2 1 6 3 3 3 3 7 2 1 6 3 3 7 2 ,1 6 3 3 3 7 3 2 1 3 3 3 3 3 3 3 3 3 3 3 3 
SVL0940,,1 4 4 4 4 4 4 4 2 1 2 1 2 1 2 1 2 ,1 
JCR0770,,1 2 1 2 1 2 1 2 1 2 ,1 
KRL0062,,1 2 1 2 1 2 1 2 1 2 ,1 
VSA0230,,1 6 3 3 7 6 3 3 7 2 1 1 6 3 3 3 7 2 1 2 1 1 2 1 1 6 3 3 3 7 2 ,1 1 3 3 3 3 3 3 3 3 3 
JRS0362,,1 2 1 2 1 2 1 2 1 2 1 2 1 2 1 1 2 2 1 2 1 2 1 2 1 2 1 2 1 2 1 1 2 1 2 2 1 2 1 2 1 2 1 2 1 2 1 2 1 2 ,1 2 1 2 1 2 1 2 1 1 2 
MHA0798,,1 2 1 2 1 2 1 2 1 2 ,1 
HIW0536,,1 2 1 2 1 2 1 2 1 2 ,1 
NLO0131,,1 2 1 2 1 2 1 2 1 2 ,1 
CQH0730,,1 2 1 2 1 2 1 2 1 2 ,1 
EDB0714,,1 6 7 6 7 2 1 6 3 7 6 3 3 7 2 1 6 3 7 6 7 6 3 3 7 2 1 6 7 6 3 3 7 6 7 6 7 2 1 6 3 7 6 3 3 7 2 ,1 3 3 3 
DIW0118,,1 4 6 3 3 7 1 2 1 6 7 6 3 3 7 2 1 6 3 7 1 6 3 3 3 7 2 1 1 2 6 3 3 7 1 2 1 6 3 3 7 1 6 3 7 2 1 6 3 3 3 3 3 3 7 6 7 1 2 ,1 6 7 6 7 6 3 3 3 3 3 
DAG0558,,1 2 1 2 1 2 1 2 1 2 ,1 
RIH0777,,1 2 1 2 1 2 1 2 1 2 ,1 
DLM0051,,1 6 3 7 6 3 3 7 4 6 3 3 3 3 3 3 3 7 3 3 6 7 3 6 3 3 4 4 7 4 4 4 4 4 4 4 4 4 4 4 4 4 6 3 7 4 6 3 7 4 6 3 3 7 6 3 3 7 2 1 4 4 4 6 3 3 7 6 3 3 3 3 3 3 3 7 6 3 7 6 3 7 6 3 7 6 7 6 3 3 3 3 3 3 3 3 3 7 6 3 7 1 2 1 1 2 6 3 3 3 7 3 3 6 3 3 7 3 6 3 3 3 7 6 3 3 3 3 7 6 7 6 3 3 3 7 3 6 3 3 3 3 7 6 7 6 3 3 3 3 2 1 6 3 3 7 6 3 3 3 7 6 3 3 7 1 6 3 7 6 3 3 7 6 3 7 6 3 3 7 6 3 3 3 3 3 3 3 3 3 3 3 7 3 6 3 3 7 2 1 6 3 3 7 6 3 3 7 6 3 3 3 3 3 3 3 3 7 1 6 7 6 3 3 3 3 7 6 3 3 7 6 3 3 7 6 7 3 3 6 3 3 7 2 1 6 3 3 3 3 3 3 7 6 3 3 3 3 3 3 3 3 7 6 7 6 7 6 3 3 3 7 6 3 3 3 3 7 6 3 7 6 3 3 7 6 3 3 7 2 1 6 3 3 3 7 6 3 3 7 6 3 7 6 3 3 3 7 6 3 7 3 3 1 6 3 3 7 6 3 3 7 6 3 3 7 6 3 3 3 3 3 3 3 3 3 7 2 ,1 6 3 3 3 3 3 3 3 3 7 1 6 3 7 6 3 3 3 3 7 6 3 3 7 6 7 6 3 3 7 6 3 3 3 3 7 2 1 6 3 3 3 3 7 6 3 3 3 7 6 7 6 3 3 3 3 3 3 3 3 3 7 1 3 3 3 3 3 3 3 3 3 3 3 3 3 3 3 3 3 3 3 3 3 3 3 3 3 3 3 3 3 3 3 3 
NCK0421,,1 2 1 2 1 2 1 2 1 2 ,1 
SBH0537,,1 1 6 3 3 3 3 3 3 3 7 2 1 1 2 1 1 6 3 7 6 3 7 2 1 1 6 3 3 3 3 3 3 3 7 2 1 1 2 1 2 ,1 3 3 3 3 3 3 3 3 3 3 3 
TJD0996,,1 2 1 2 1 2 1 2 1 2 ,1 
AAF0791,,1 2 1 2 1 2 1 2 1 2 ,1 
ASS0206,,1 2 1 2 1 2 1 2 1 2 ,1 
BSA0431,,1 2 1 2 1 2 1 2 1 2 ,1 
RHY0079,,1 2 1 2 1 2 1 2 1 2 ,1 
LBF0214,,1 4 4 4 4 4 4 4 4 4 4 4 4 4 4 6 3 3 7 1 2 6 3 7 2 1 1 2 1 1 6 3 3 3 3 7 2 1 6 3 3 7 2 1 6 3 3 3 7 1 2 1 1 2 1 1 2 2 1 2 ,1 1 2 1 1 
KJS0618,,1 2 1 2 1 2 1 2 1 2 ,1 
JPW0741,,1 2 1 2 1 2 1 2 1 2 ,1 
ECF0828,,1 2 1 2 1 2 1 2 1 2 ,1 
SAC0687,,1 2 1 2 1 2 1 2 1 2 ,1 
JIG0128,,1 2 1 2 1 2 1 2 1 2 ,1 
IAR0694,1 4 5 5 5 5 5 5 5 5 5 5 5 5 5 5 5 4 4 4 4 4 4 4 4 2 ,1 1 2 1 2 1 1 2 1 1 2 1 2 1 1 2 ,1 
MSO0222,,1 2 1 4 2 1 2 1 2 1 1 2 2 1 2 1 2 1 2 1 2 1 2 1 2 1 2 1 2 1 2 ,1 2 1 
LDB0090,,1 2 1 2 1 2 1 2 1 2 ,1 
GMF0738,,1 2 1 2 1 2 1 2 1 2 ,1 
IWM0816,,1 1 2 1 1 2 1 2 1 1 2 1 1 2 ,1 
GCG0951,,1 1 2 1 1 2 1 1 2 2 1 1 2 1 1 2 ,1 
BRM0995,,1 6 3 3 7 1 6 7 6 7 6 7 6 3 7 6 7 6 7 2 1 6 7 6 7 6 3 7 1 6 7 6 3 7 6 7 6 7 6 3 3 3 7 6 7 2 1 6 7 6 7 6 7 6 7 6 7 6 7 6 7 6 7 6 7 2 1 1 6 7 6 7 6 7 6 7 6 3 7 6 7 6 7 6 7 2 1 6 7 6 7 6 3 3 7 1 6 7 6 7 6 7 6 7 6 7 6 7 2 ,1 
SED0886,,1 1 1 2 2 1 1 2 1 1 2 2 1 1 2 1 1 2 ,1 1 2 
CFW0264,,1 2 1 2 1 2 1 2 1 2 ,1 
RCC0617,,1 2 1 2 1 2 1 2 1 2 ,1 
NKP0236,,1 2 1 2 1 2 1 2 1 6 7 2 ,1 3 3 3 3 3 3 3 3 
BTR0403,,1 1 6 3 7 6 3 7 2 1 6 3 7 3 1 2 1 1 2 2 1 1 2 1 1 6 7 2 ,1 1 2 3 
MNC0717,,1 1 2 1 2 1 1 2 1 1 2 2 1 1 2 1 1 2 ,1 1 2 
QOS0878,,1 6 7 4 1 4 4 4 4 4 4 4 4 4 4 4 4 4 2 1 6 7 1 2 1 1 2 6 7 1 6 7 6 7 6 7 6 7 2 1 1 6 3 7 6 7 6 7 2 1 1 6 7 6 7 6 7 2 1 6 3 7 1 6 7 1 2 2 1 1 6 7 6 7 2 ,1 6 7 1 2 1 6 1 7 2 6 
CJM0521,1 5 5 5 5 4 4 4 2 ,1 4 4 2 1 2 1 2 1 2 1 2 1 2 1 2 ,1 2 1 
GJD0298,,1 2 1 2 1 2 1 2 1 2 ,1 
CJG0470,,1 2 1 2 1 2 1 2 1 2 ,1 
WKD0013,,1 2 1 2 1 2 1 2 1 2 1 2 ,1 
LOF0311,,1 4 4 4 4 4 4 4 4 4 4 4 4 4 2 1 2 1 2 1 2 1 2 ,1 
ANM0123,,1 6 7 2 1 1 6 7 2 1 6 7 6 7 2 1 1 6 7 6 3 7 2 1 1 6 3 7 6 3 7 2 ,1 3 3 3 3 3 3 3 3 3 3 
AHC0142,1 4 4 4 4 1 4 4 4 4 4 2 ,1 1 2 1 2 1 1 2 1 1 2 1 1 2 2 ,1 1 
GTD0219,,1 6 3 3 3 7 3 3 3 2 1 6 7 2 1 6 3 3 3 7 6 7 3 2 1 6 7 3 2 1 2 1 6 3 3 3 7 2 1 6 7 2 1 1 6 7 2 1 2 6 7 6 3 3 3 7 2 1 6 3 3 3 3 3 3 7 3 3 2 1 6 7 2 1 6 3 3 3 3 7 3 3 3 3 2 1 6 7 2 1 6 3 3 3 3 3 7 2 1 6 7 3 2 1 6 7 2 1 6 3 3 3 3 3 3 7 3 3 2 1 6 3 7 6 1 7 6 3 3 3 3 3 3 3 7 3 2 2 1 6 7 2 1 2 1 1 6 7 3 3 3 2 6 3 3 3 3 3 3 7 1 6 7 3 3 3 2 6 3 7 2 1 6 7 3 3 2 1 6 3 3 3 7 3 2 ,1 3 3 3 3 3 3 3 3 
HDS0367,,1 1 2 1 2 1 6 7 2 1 6 3 3 7 3 3 2 1 6 7 2 1 1 6 7 3 3 3 3 2 1 2 1 6 7 2 1 6 3 3 3 3 3 7 2 1 6 7 2 1 6 7 2 1 6 3 3 3 3 3 3 3 7 2 1 1 6 3 3 3 3 7 2 1 6 7 2 1 6 3 3 3 7 6 3 7 6 3 7 1 6 3 3 7 2 1 6 3 3 3 3 3 3 7 3 3 2 1 6 7 2 1 6 3 3 7 3 3 2 1 6 3 3 3 3 3 3 3 7 1 6 7 2 1 6 3 3 7 2 1 2 1 6 7 2 ,1 6 7 3 3 3 3 2 1 6 3 3 7 3 2 1 6 7 2 1 3 3 3 3 3 3 3 3 
AIM0627,,1 2 1 2 1 2 1 2 1 2 ,1 
RNL0695,,1 1 2 1 1 2 1 1 2 1 1 2 1 1 2 ,1 
SGB0140,,1 1 1 2 2 1 1 2 1 1 1 2 2 1 1 2 1 1 2 ,1 1 2 1 
HBB0056,,1 2 1 2 1 2 1 2 1 2 ,1 
CLS0296,,1 2 1 2 1 2 1 2 1 2 ,1 
IJW0851,,1 4 4 2 1 2 1 2 1 2 1 2 ,1 
MYD0978,,1 2 1 2 1 2 1 2 1 2 ,1 
MLP0668,,1 2 1 2 1 2 1 2 1 2 ,1 
HOB0994,,1 2 1 2 1 2 1 2 1 2 ,1 
CLB0774,,1 6 3 3 7 6 3 3 3 7 6 3 3 7 6 3 3 3 3 7 3 6 3 3 3 3 7 6 7 6 3 3 3 7 6 3 3 7 2 1 6 3 7 6 3 7 6 3 3 3 7 6 7 6 7 6 7 3 3 6 7 6 3 3 3 3 7 6 3 7 2 1 6 3 7 3 6 7 6 3 3 3 7 6 7 3 6 3 3 7 3 6 3 7 6 7 6 3 3 3 7 6 3 3 7 2 1 2 1 6 3 3 7 6 3 3 7 3 6 7 6 3 3 3 7 6 3 3 7 6 3 3 3 3 7 3 6 7 6 7 6 3 3 7 2 1 6 7 6 3 3 3 7 6 7 6 3 3 7 6 3 7 6 3 3 3 3 3 7 6 7 3 3 6 3 7 3 6 3 7 2 ,1 6 7 6 3 3 3 3 7 6 3 3 3 3 3 3 3 3 3 3 3 3 3 3 3 3 3 3 3 3 3 3 3 3 3 3 3 3 3 3 3 
NBC0412,,1 2 1 2 1 2 1 2 1 2 ,1 
AJC0840,,1 2 1 2 1 2 1 2 1 2 ,1 
MIM0712,,1 2 1 2 1 2 1 2 1 2 ,1 
ECL0930,,1 2 1 1 2 1 1 2 1 1 2 1 1 2 ,1 
OMM0944,,1 4 2 1 2 1 2 1 2 1 2 ,1 
MOS0047,,1 6 7 3 3 3 3 3 3 3 2 1 6 3 7 2 1 6 7 1 1 2 6 3 7 2 1 1 1 6 7 6 7 2 6 2 3 3 3 3 7 2 1 6 3 7 2 1 6 3 7 1 1 6 7 2 6 7 3 2 1 6 7 1 6 2 7 2 1 6 7 3 3 3 3 3 3 3 3 3 2 1 6 7 2 1 1 2 6 7 2 1 6 7 2 1 6 7 1 6 1 2 3 7 6 7 2 1 6 7 2 1 6 3 3 7 3 2 1 6 7 3 3 3 3 3 3 3 3 2 1 1 6 7 6 7 6 7 2 1 6 7 2 1 2 ,1 6 3 3 3 3 3 3 7 3 2 1 1 2 1 3 3 3 3 3 3 3 3 3 3 3 3 
ASV0946,,1 1 2 1 1 2 1 2 1 1 2 1 1 2 ,1 
KSH0569,,1 2 1 2 1 2 1 2 1 2 ,1 
KMS0657,,1 2 1 2 1 2 1 2 1 2 ,1 
KLH0596,,1 2 1 2 1 2 1 2 1 2 ,1 
IIA0092,,1 4 2 1 2 1 2 1 2 1 2 ,1 
BBS0039,,1 1 2 2 1 2 1 2 1 1 2 2 1 2 1 2 1 2 1 2 1 2 1 2 1 2 1 2 1 2 1 2 ,1 2 1 
CFM0767,,1 1 6 7 2 1 1 2 1 1 2 6 7 6 3 3 3 7 2 1 1 2 1 6 7 1 6 7 3 3 3 2 ,1 3 3 3 3 
TSG0906,,1 2 1 1 2 1 1 2 1 1 2 1 1 2 ,1 
ORM0669,,1 2 1 2 1 1 2 2 1 2 1 2 ,1 1 2 
TSR0676,,1 6 7 1 6 7 2 1 6 3 7 1 6 3 7 6 3 7 2 1 6 3 3 3 7 2 1 6 7 6 7 1 2 1 6 7 1 6 7 6 7 2 ,1 6 7 
BCB0679,,1 2 1 1 2 1 1 2 2 1 1 2 1 1 2 ,1 
BIS0247,,1 1 2 1 1 2 1 2 1 2 1 1 2 1 1 2 ,1 
NCK0295,,1 2 1 2 1 2 1 2 1 2 ,1 
EIS0041,,1 6 3 3 3 3 3 7 3 3 2 1 6 7 2 1 6 7 2 1 6 7 2 1 4 4 4 4 4 4 4 4 6 3 3 3 3 3 3 3 3 3 7 2 1 6 7 2 1 6 3 3 3 3 3 3 3 7 1 6 3 3 7 2 1 6 7 2 1 1 2 1 6 3 7 2 1 6 7 2 1 6 7 2 1 2 1 6 7 2 1 6 7 3 1 2 1 6 3 3 3 7 3 3 3 3 3 3 2 1 6 3 3 7 3 3 2 1 6 7 2 1 6 7 2 1 1 6 3 3 3 3 3 3 3 7 3 2 1 6 7 2 1 6 7 2 ,1 3 3 3 3 3 3 3 3 3 3 3 3 3 3 3 3 3 3 3 3 3 3 3 3 
IIL0513,,1 4 4 4 2 1 2 1 2 1 2 1 2 1 2 ,1 2 1 
IKP0472,1 1 5 2 5 5 4 1 5 6 3 3 3 3 7 2 ,1 1 4 2 1 1 6 3 3 3 7 2 1 1 2 1 6 7 3 1 2 1 1 2 6 3 3 7 2 1 1 2 1 6 3 7 1 6 3 7 6 3 7 6 3 3 3 3 7 2 ,1 6 3 7 6 3 3 3 3 3 7 1 2 2 1 1 3 3 
FHO0630,,1 2 1 2 1 2 1 2 1 2 ,1 
JCV0245,,1 2 1 2 1 2 1 2 1 2 ,1 
YDN0198,,1 4 2 1 1 2 1 2 1 1 2 1 1 2 ,1 
UFK0208,,1 1 2 1 2 1 1 2 1 2 1 1 2 1 1 2 ,1 1 2 
BKW0374,,1 2 1 2 1 2 1 2 1 2 1 2 1 2 1 2 1 2 1 2 1 1 2 2 1 2 1 2 1 2 1 2 1 2 1 2 1 1 2 2 ,1 2 1 2 1 2 1 
FOB0756,1 5 5 5 5 1 4 4 4 2 ,1 1 2 1 1 2 2 1 6 3 3 3 3 3 3 7 6 3 7 1 2 1 1 2 1 1 2 2 1 1 2 1 2 ,1 1 3 
HGN0287,,1 2 1 2 1 2 1 2 1 2 ,1 
HIA0414,,1 2 1 2 1 2 1 2 1 2 ,1 
KBS0874,,1 1 2 1 1 2 1 2 1 1 2 1 1 2 ,1 1 
ASB0796,,1 2 1 2 1 2 1 2 1 2 ,1 
SVL0803,,1 2 1 2 1 2 1 2 1 2 ,1 
JTS0389,,1 2 1 2 1 1 2 2 1 2 1 2 ,1 1 2 
JJB0127,,1 2 1 2 1 2 1 2 1 2 ,1 
RKF0164,,1 2 1 2 1 2 1 2 1 2 ,1 
CCR0863,,1 2 1 2 1 2 1 2 1 2 ,1 
JML0909,,1 1 2 1 1 2 1 2 1 1 2 1 1 2 ,1 
DFR0218,,1 2 1 2 1 2 1 2 1 2 1 2 1 2 1 2 1 2 1 2 1 2 1 2 1 2 1 2 1 2 1 2 1 2 1 1 2 2 1 2 ,1 1 
TEB0251,,1 1 2 1 1 2 1 2 1 1 2 1 1 2 ,1 
JMW0638,,1 2 1 2 1 2 1 2 1 2 ,1 
HDD0789,,1 4 2 1 2 1 2 1 2 1 2 ,1 
KLM0639,,1 2 1 2 1 2 1 2 1 2 ,1 
LJT0817,,1 6 3 3 3 3 3 3 7 6 3 7 2 1 1 6 3 3 3 3 3 3 3 3 7 2 1 6 7 6 3 3 7 2 1 6 3 7 6 3 7 1 6 3 3 3 3 7 6 7 3 2 1 1 6 3 3 7 6 3 3 3 3 7 2 ,1 3 3 3 
TTD1000,,1 2 1 2 1 2 1 2 1 2 ,1 
CSJ0340,,1 2 1 2 1 2 1 2 1 2 ,1 
CJV0286,,1 2 1 1 2 1 2 1 1 2 1 1 2 ,1 
ORG0339,,1 2 1 2 1 2 1 2 1 2 ,1 
RRC0553,1 5 5 5 5 5 5 5 5 5 5 5 6 3 3 3 3 3 3 3 3 3 3 3 3 3 3 5 3 7 5 5 5 5 6 5 3 5 5 5 3 3 3 5 5 3 3 3 5 3 7 5 5 5 5 6 7 5 5 5 5 5 5 5 5 4 5 1 4 4 4 4 4 4 4 4 2 ,1 6 3 3 3 3 3 3 3 3 3 3 3 3 3 3 3 3 3 3 3 3 3 3 3 3 3 3 7 3 1 2 1 6 3 3 3 3 3 3 3 3 3 3 3 3 3 3 3 3 3 3 3 3 3 3 3 3 3 1 2 1 1 6 3 3 3 3 3 7 6 3 3 3 3 3 3 3 3 3 3 3 3 3 3 3 3 3 3 3 3 7 2 1 1 6 3 3 3 3 3 3 3 3 3 3 3 3 3 3 3 3 3 3 3 3 7 2 1 1 2 6 3 3 3 3 3 3 3 3 3 3 3 3 3 3 3 3 3 3 3 3 3 3 3 3 3 3 7 3 2 ,1 1 3 3 3 3 3 3 3 3 3 3 3 3 3 3 3 3 3 3 3 3 3 3 3 3 3 3 3 3 3 3 3 3 3 3 
KCB0815,,1 1 2 1 1 2 1 2 1 1 2 1 1 2 ,1 1 
DBS0235,,1 2 1 2 1 1 2 2 1 2 1 2 ,1 
GRM0868,,1 2 1 2 1 2 1 2 1 2 ,1 
HWW0436,,1 6 3 3 3 3 3 3 7 1 2 6 3 7 2 1 6 3 7 1 6 3 3 3 3 7 2 1 6 7 3 3 3 1 1 2 2 1 1 6 3 7 6 3 7 2 1 6 7 1 2 ,1 1 6 7 2 
CRO0027,,1 1 2 1 1 2 1 1 2 1 1 2 1 1 2 ,1 1 
NHH0185,,1 2 1 2 1 2 1 2 1 2 ,1 
ADC0391,,1 1 2 1 1 2 1 2 1 1 2 1 1 2 ,1 
RYB0718,,1 2 1 2 1 2 1 2 1 2 ,1 
OHC0973,,1 2 1 2 1 2 1 2 1 2 ,1 
JMK0099,,1 4 4 4 4 6 3 7 1 2 6 3 3 7 2 1 1 2 1 1 2 2 1 1 2 1 1 2 ,1 1 2 
JAJ0849,,1 4 1 2 1 1 2 1 1 2 2 1 1 2 1 1 2 1 1 2 1 1 2 ,1 1 2 1 
RVC0232,,1 2 1 2 1 2 1 2 1 2 ,1 
MHG0733,,1 2 1 2 1 2 1 2 1 2 ,1 
SCB0534,,1 2 1 2 1 2 1 2 1 2 ,1 
WJD0576,,1 2 1 2 1 2 1 2 1 2 ,1 
JDF0593,,1 6 7 6 7 6 7 1 6 7 6 7 6 7 6 7 6 7 6 7 2 1 6 7 6 7 6 7 1 6 3 7 6 7 6 3 7 6 7 6 7 6 3 7 2 1 6 7 6 7 6 7 6 7 6 7 6 7 6 7 6 7 6 7 2 1 2 1 6 7 6 7 6 7 1 6 7 6 7 6 7 6 7 6 7 6 7 2 1 6 7 6 7 1 6 7 6 7 6 7 6 7 6 7 6 7 6 7 2 1 6 7 6 7 6 3 7 6 7 6 7 6 7 6 7 6 7 6 7 3 1 2 2 1 ,2 1 1 3 3 3 3 
SES0477,,1 1 2 1 1 2 1 2 1 1 2 1 1 2 ,1 
ETR0428,,1 1 2 2 1 2 1 1 2 2 1 2 1 2 ,1 1 2 
AGB0643,,1 2 1 2 1 2 1 2 1 2 ,1 
HTF0641,,1 2 1 2 1 2 1 2 1 2 ,1 
AHG0634,,1 1 2 1 1 2 1 1 1 2 2 1 1 2 1 1 2 ,1 
RTO0313,,1 2 1 1 2 1 1 2 2 1 2 1 1 2 1 1 2 ,1 
BTS0011,,1 2 1 2 1 2 1 2 1 2 ,1 
HWY0038,,1 2 1 2 1 2 1 2 1 2 1 2 1 2 1 2 1 2 1 2 1 2 1 1 2 2 1 2 1 2 1 2 1 2 1 2 1 1 2 2 1 2 ,1 2 1 
BJW0619,,1 2 1 2 1 2 1 2 1 2 ,1 
HGG0240,,1 2 1 2 1 2 1 2 1 2 ,1 
SSG0250,,1 4 4 1 2 1 1 2 1 1 2 1 1 2 1 1 2 ,1 
ABN0239,,1 1 2 1 1 2 1 1 2 1 1 2 1 1 2 ,1 
RHP0484,,1 1 2 1 1 2 1 2 1 1 2 1 1 2 ,1 1 
SKG0759,,1 2 1 2 1 2 1 2 1 2 ,1 
HCV0478,,1 1 2 1 1 2 1 1 2 1 1 2 1 1 2 ,1 1 
PPF0435,,1 2 1 2 1 2 1 2 1 2 ,1 
MAS0025,,1 4 2 1 2 1 2 1 2 1 2 ,1 
FUM0015,,1 2 1 2 1 2 1 2 1 2 ,1 
HLH0512,1 5 5 5 5 5 5 4 4 4 2 ,1 4 4 4 2 1 2 1 2 1 2 1 2 1 2 1 2 ,1 2 1 
KCF0045,,1 2 1 4 2 1 2 1 2 1 1 2 1 2 2 1 2 1 2 1 2 1 1 2 2 1 2 1 2 1 2 1 2 1 2 1 2 1 2 1 1 2 2 1 2 ,1 2 1 1 1 2 2 
AAW0353,,1 2 1 2 1 2 1 2 1 2 ,1 
AQD0820,,1 2 1 2 1 2 1 2 1 2 ,1 
YWW0660,,1 2 1 2 1 2 1 2 1 2 ,1 
NHE0919,,1 2 1 1 2 1 2 1 1 2 1 1 2 ,1 
SJC0333,,1 4 1 2 2 1 2 1 1 2 2 1 2 1 2 ,1 
BDV0168,,1 2 1 2 1 2 1 2 1 2 ,1 
FKK0055,1 5 5 5 5 5 5 5 5 5 5 5 5 5 5 5 5 5 5 5 5 5 5 5 5 5 4 4 4 4 4 4 4 4 1 2 ,1 4 1 4 4 4 4 4 4 4 4 2 1 1 2 2 1 1 2 1 1 2 1 2 1 6 3 3 3 3 7 1 2 1 6 3 7 3 1 6 3 3 7 2 ,1 2 1 1 
OCB0805,,1 2 1 2 1 2 1 2 1 2 ,1 
EGD0409,,1 1 2 1 1 2 1 2 1 1 2 1 1 2 ,1 
KVT0028,,1 2 1 2 1 2 1 2 1 2 ,1 
KPC0073,,1 2 1 2 1 2 1 2 1 2 ,1 
HTH0007,,1 1 2 1 1 2 1 2 1 1 2 1 1 2 ,1 
HBO0413,,1 4 4 4 6 7 6 7 6 7 2 1 6 3 7 6 7 2 1 6 7 6 2 1 6 3 7 6 7 6 3 7 6 3 7 2 1 6 3 7 6 3 7 6 3 3 7 2 ,1 
XHW0498,,1 6 7 6 7 6 7 2 1 6 3 3 3 7 6 3 7 6 7 2 1 6 7 6 7 3 6 3 7 2 1 6 3 7 6 3 7 2 1 6 7 2 ,1 
MVF0594,,1 2 1 2 1 2 1 2 1 2 ,1 
MJM0510,,1 1 1 2 2 1 1 2 1 2 1 1 2 1 1 2 ,1 1 2 
YIC0195,1 5 5 5 5 5 5 5 5 5 5 5 4 5 4 5 5 5 5 5 5 5 5 5 5 5 5 5 4 4 4 4 4 4 4 4 4 2 ,1 4 1 4 4 4 4 4 4 4 4 4 4 2 1 1 2 2 1 1 2 1 1 2 1 1 2 1 2 1 1 2 1 1 2 ,1 1 2 2 1 1 
SMB0804,,1 2 1 2 1 2 1 2 1 2 ,1 
HXL0968,,1 6 7 6 3 3 7 6 7 2 1 6 3 7 6 3 7 2 1 6 3 3 7 6 3 3 3 7 2 1 6 3 7 6 3 7 6 3 3 3 7 2 1 6 7 6 7 6 7 6 3 7 2 ,1 6 3 3 3 3 7 3 3 3 
RRA0938,,1 4 4 2 1 1 2 1 1 2 1 1 2 1 1 2 ,1 
EIM0156,,1 2 1 2 1 2 1 2 1 2 ,1 
GQP0743,,1 2 1 2 1 2 1 2 1 2 ,1 
GAF0570,,1 1 2 1 1 2 1 2 1 1 2 1 1 2 ,1 
SAH0599,,1 2 1 2 1 2 1 2 1 2 ,1 
CFG0959,,1 1 2 2 1 2 1 2 1 2 1 2 ,1 1 
CAB0388,,1 1 2 1 1 2 1 1 2 1 1 2 1 1 2 ,1 1 
MFV0897,,1 2 1 2 1 2 1 2 1 2 ,1 
GKO0078,,1 1 2 4 4 4 4 4 4 4 4 1 2 1 1 6 3 7 6 3 3 7 2 1 1 2 6 3 3 3 7 6 3 7 2 1 1 6 3 7 2 1 1 2 ,1 1 2 3 3 3 3 3 
DAL0673,,1 1 6 3 3 7 3 2 1 1 6 3 7 2 1 1 6 3 7 2 1 1 6 3 3 3 3 3 3 7 2 1 6 7 1 2 ,1 1 2 3 3 
FFC0891,,1 1 6 3 3 7 1 2 2 1 1 6 3 3 3 3 7 2 1 6 1 2 7 6 3 3 3 7 2 1 1 6 7 6 3 3 3 7 3 2 1 6 3 3 7 1 6 3 7 6 3 3 7 2 ,1 6 3 3 1 2 1 3 3 3 3 3 3 3 
MGS0974,,1 6 3 7 2 1 2 1 2 1 2 1 2 1 6 7 1 2 6 7 2 ,1 3 3 
CQW0652,,1 2 1 6 3 3 3 3 7 2 1 2 1 2 1 6 7 6 7 2 ,1 3 3 3 3 3 
VAA0087,,1 1 2 1 1 2 1 1 2 2 1 1 2 1 1 2 ,1 1 2 1 
KWE0082,,1 1 6 7 6 3 3 3 7 6 3 3 3 3 7 2 1 6 3 3 3 7 1 6 7 2 1 6 3 3 7 1 6 3 3 7 6 3 3 7 6 7 6 3 3 3 2 1 6 3 3 3 3 3 3 3 3 3 3 3 3 3 7 1 2 1 1 6 3 7 6 3 3 3 7 2 ,1 3 3 1 3 3 3 3 3 3 3 3 3 3 3 3 
AMH0794,,1 2 1 2 1 2 1 2 1 2 ,1 
ASD0577,,1 2 1 2 1 2 1 2 1 2 ,1 
JXH0493,,1 2 1 2 1 2 1 2 1 2 ,1 
IBP0883,,1 1 2 1 1 2 1 2 1 2 1 1 2 1 1 2 ,1 
ZSL0305,,1 2 1 2 1 2 1 2 1 2 ,1 
DLF0377,,1 2 1 2 1 2 1 2 1 2 ,1 
IHK0841,,1 2 1 2 1 2 1 2 1 2 ,1 
DIB0285,,1 6 3 7 6 3 7 6 3 7 2 1 6 3 3 7 6 7 2 1 6 7 6 3 3 3 7 2 1 6 3 3 7 6 3 7 6 3 3 7 2 1 6 7 6 3 7 2 ,1 6 3 3 
JCR0172,1 4 4 5 5 6 5 5 5 5 5 5 5 5 7 4 4 4 4 4 4 4 4 2 ,1 1 2 1 1 2 1 6 3 3 3 3 3 3 7 1 2 1 1 2 1 6 3 3 3 3 3 3 7 3 1 2 1 6 3 7 1 6 3 3 7 2 ,1 6 1 
TSM0363,,1 2 1 1 2 2 1 2 1 2 1 2 1 2 1 2 1 2 1 2 1 2 1 1 2 2 1 1 2 2 1 2 1 2 1 2 1 2 1 2 1 2 1 2 ,1 2 1 2 1 
TPH0474,,1 2 1 2 1 2 1 2 1 2 ,1 
GHL0460,,1 2 1 2 1 2 1 2 1 2 ,1 
BJP0134,,1 6 3 3 7 6 7 6 3 3 3 7 6 3 3 3 7 1 6 3 3 7 6 3 3 7 6 3 7 6 3 3 7 6 3 3 3 3 3 3 3 7 3 2 1 6 7 6 7 6 3 3 3 3 7 1 6 3 3 3 7 6 7 3 6 3 3 7 6 3 3 3 3 3 3 3 7 6 7 3 6 7 3 2 1 6 3 3 3 3 3 7 6 3 3 3 3 3 7 6 7 6 7 6 7 6 3 3 3 3 3 3 7 6 7 6 3 3 3 3 7 6 7 2 1 6 3 3 7 3 6 3 7 6 3 3 3 3 3 3 3 3 3 7 1 6 3 7 6 3 3 3 7 6 3 3 7 6 3 7 3 6 3 3 3 7 2 1 6 3 3 3 3 7 6 3 7 6 7 3 6 7 6 3 3 3 3 7 1 6 3 3 7 6 3 7 6 3 3 7 6 3 3 3 3 3 3 3 7 2 ,1 6 3 3 7 3 3 3 3 3 3 3 3 3 3 3 3 3 3 3 3 3 3 3 3 3 3 3 3 3 3 3 3 3 3 3 3 3 3 3 3 
SRH0155,,1 4 4 4 1 2 2 1 1 2 1 1 2 2 1 1 2 1 1 2 ,1 1 2 
JNA0559,,1 2 1 2 1 2 1 2 1 2 ,1 
CJM0138,,1 2 1 2 1 2 1 2 1 2 ,1 
BMS0877,,1 2 1 2 1 2 1 2 1 2 ,1 
CPG0322,,1 1 2 2 1 2 1 1 2 2 1 6 3 7 2 1 2 ,1 1 2 3 3 3 3 3 3 3 3 3 3 3 
JPA0667,,1 2 1 2 1 2 1 2 1 2 ,1 
MSZ0310,,1 2 1 2 1 2 1 2 1 2 ,1 
IYB0918,,1 2 1 2 1 2 1 2 1 2 ,1 
NIH0969,,1 1 2 1 1 2 1 2 1 1 2 1 1 2 ,1 1 
SVS0871,,1 1 1 2 2 1 1 2 1 1 2 2 1 1 2 1 1 2 ,1 1 2 
LHB0967,,1 2 1 2 1 2 1 2 1 2 ,1 
AAE0190,,1 2 1 2 1 2 1 2 1 2 ,1 
THR0873,,1 6 3 3 7 6 3 3 3 7 6 3 3 7 6 3 3 7 6 3 3 3 3 3 3 3 3 3 3 3 7 6 3 7 6 3 7 6 3 3 7 2 1 6 3 3 3 3 7 6 3 3 7 6 3 3 3 3 3 3 3 3 7 6 3 3 3 7 6 3 7 3 6 3 3 7 6 7 6 3 3 3 7 6 3 3 3 7 2 1 6 3 3 7 6 3 3 7 6 3 3 7 6 3 3 3 3 7 6 3 3 7 6 3 3 3 3 3 3 3 3 3 3 7 3 2 1 6 7 3 3 3 3 3 6 3 3 7 6 3 3 7 3 6 3 3 3 3 3 3 3 7 6 3 7 6 7 3 6 3 7 6 3 3 3 3 3 7 2 1 6 3 3 7 6 3 3 3 3 3 3 3 3 7 3 6 3 3 7 6 3 3 3 3 7 6 3 3 7 6 3 3 3 7 6 3 7 6 3 3 3 3 7 2 ,1 6 3 3 3 7 3 3 6 7 3 3 3 3 3 3 3 3 3 3 3 3 3 3 3 3 3 3 3 3 3 3 3 3 3 3 3 3 3 3 3 3 3 3 3 3 3 3 
LNS0989,,1 1 2 1 1 2 1 1 2 2 1 1 2 1 1 2 ,1 1 2 1 
ECR0822,,1 2 1 2 1 2 1 2 1 2 ,1 
JJH0292,,1 1 2 1 1 2 1 2 1 1 2 1 1 2 ,1 
KJA0152,,1 2 1 2 1 2 1 2 1 2 ,1 
TLK0993,,1 2 1 2 1 2 1 2 1 2 ,1 
WPR0368,1 5 5 5 5 5 5 5 5 5 5 5 5 5 5 4 5 5 5 5 5 5 5 5 5 5 5 5 5 5 5 1 2 4 4 4 4 4 4 4 4 4 4 2 ,1 2 1 1 2 2 1 2 1 1 2 2 1 2 1 2 1 2 1 2 1 1 2 2 1 2 1 2 1 2 1 2 1 2 1 2 1 2 1 2 1 2 1 2 1 2 1 2 1 2 1 2 1 2 ,1 2 1 1 2 2 1 
TET0621,,1 2 1 2 1 2 1 2 1 2 ,1 1 2 
MAH0149,,1 1 2 1 1 2 1 2 1 1 2 1 1 2 ,1 
ESR0693,,1 6 3 3 3 3 3 3 7 3 3 2 1 6 3 3 3 3 3 7 6 3 7 2 1 2 1 6 3 3 3 3 7 3 2 1 6 3 7 6 7 6 3 3 3 3 7 2 ,1 3 3 3 3 
BMM0112,,1 2 1 2 1 2 1 2 1 2 ,1 
ALC0788,,1 2 1 2 1 2 1 2 1 2 ,1 
COF0120,,1 2 1 2 1 2 1 2 1 2 ,1 
TVS0006,,1 1 2 1 1 2 1 1 2 2 1 1 2 1 1 2 ,1 
EJW0884,,1 2 1 2 1 2 1 2 1 2 ,1 
MSS0001,,1 2 1 1 2 1 1 2 1 1 2 1 1 2 ,1 
NSS0876,,1 2 1 2 1 2 1 2 1 2 ,1 
BAL0044,,1 6 3 7 2 1 4 4 4 4 1 2 1 6 3 3 7 1 6 3 3 3 7 3 2 1 6 7 2 1 6 3 3 3 7 2 1 6 3 3 3 3 3 7 2 1 1 2 1 6 7 2 1 6 3 3 3 7 3 3 3 3 3 2 1 6 7 3 3 2 1 6 3 3 3 3 3 7 3 2 1 1 2 1 6 7 3 3 3 3 3 3 3 2 1 6 7 2 1 6 7 2 1 1 6 7 2 1 6 3 3 3 3 3 7 2 1 6 7 2 ,1 6 7 2 1 2 1 6 7 2 1 3 3 3 3 3 3 3 3 3 3 3 3 
RFP0380,,1 2 1 2 1 2 1 2 1 2 ,1 
KCS0173,,1 4 4 1 2 1 6 7 1 2 1 1 2 6 3 3 3 3 7 2 1 1 2 1 1 6 3 3 3 7 2 ,1 1 2 3 
PID0426,,1 2 1 2 1 2 1 2 1 2 1 2 ,1 1 2 
TSB0437,,1 2 1 2 1 2 1 2 1 2 ,1 
SCF0608,,1 4 4 4 2 1 2 1 2 1 2 1 2 ,1 
LCD0622,,1 2 1 2 1 2 1 2 1 2 ,1 
IUB0565,,1 6 7 6 7 2 1 6 3 7 6 3 3 3 3 7 2 1 6 7 6 3 3 7 2 1 2 1 6 3 3 3 3 7 2 ,1 
GNS0178,,1 1 2 1 1 2 1 1 6 3 3 3 3 3 3 3 3 3 3 3 3 3 3 3 3 3 3 3 3 3 3 7 3 1 2 2 1 2 1 1 2 1 1 2 ,1 3 3 3 3 3 3 3 3 3 3 3 3 3 3 3 3 3 3 3 
KWC0004,,1 2 1 2 1 2 1 2 1 2 ,1 
GRC0145,,1 2 1 2 1 2 1 2 1 2 ,1 
RUM0880,,1 6 7 6 3 7 2 1 1 6 3 7 2 1 6 3 3 3 3 3 7 6 3 3 3 7 6 7 1 2 2 1 1 6 3 7 6 3 3 3 3 7 6 3 3 3 3 3 3 7 2 1 1 6 3 3 3 3 3 3 7 2 ,1 6 3 7 6 7 1 3 3 3 3 
CCM0136,,1 1 2 1 1 2 1 1 2 1 6 7 1 2 1 1 6 7 2 ,1 
LPC0492,,1 2 1 2 1 2 1 2 1 2 ,1 
KRG0158,,1 2 1 2 1 2 1 2 1 2 ,1 
LDD0560,,1 4 4 4 4 4 4 4 4 4 4 2 1 2 1 2 1 2 1 2 1 2 ,1 2 1 
DVW0103,,1 2 1 2 1 2 1 2 1 2 ,1 
NDM0417,,1 6 3 3 3 3 7 1 6 3 7 2 1 6 3 3 3 3 3 3 3 3 7 3 1 6 3 3 7 2 1 1 6 3 7 6 7 1 3 2 2 1 6 3 7 6 3 3 7 1 6 3 7 2 1 1 6 3 3 3 3 3 3 3 7 3 2 ,1 6 3 7 3 3 
HAV0121,,1 2 1 2 1 2 1 2 1 2 ,1 
SAP0867,,1 2 1 2 1 2 1 2 1 2 ,1 
PLH0715,,1 2 1 2 1 2 1 2 1 2 ,1 
WNB0908,,1 2 1 1 2 1 2 1 1 2 1 1 2 ,1 
WIF0691,,1 6 3 3 3 7 6 3 3 3 3 3 3 3 7 6 3 3 7 6 7 3 3 6 3 3 3 3 3 7 6 3 7 6 3 7 6 3 3 3 3 3 3 7 2 1 6 3 3 3 7 3 6 3 3 3 3 7 3 6 3 7 6 3 7 6 7 6 3 3 3 3 3 3 3 3 7 1 6 3 3 3 3 3 3 7 2 1 6 3 7 6 3 3 7 3 6 3 3 7 3 3 6 3 7 6 3 3 3 7 3 6 3 7 6 3 3 7 3 3 6 3 3 3 3 3 3 3 3 3 7 2 1 6 3 3 3 7 6 3 3 3 3 3 3 3 7 3 3 3 3 3 6 3 3 7 1 6 3 3 7 6 3 3 7 6 7 6 3 3 3 3 3 3 7 2 1 6 3 3 7 3 3 3 1 6 3 3 7 6 3 3 3 7 6 7 3 6 3 7 6 3 3 3 3 3 7 6 7 6 3 3 7 6 3 3 3 3 3 7 2 ,1 3 3 3 3 3 3 3 3 3 3 3 3 3 3 3 3 3 3 3 3 3 3 3 3 3 3 3 3 3 3 3 3 3 3 3 3 3 3 3 3 3 3 3 3 3 3 3 3 3 
BJM0111,,1 6 7 6 7 6 3 3 3 3 3 3 3 7 6 3 3 3 7 6 3 3 3 3 7 6 7 6 3 3 3 3 3 3 7 6 3 7 6 7 2 1 6 3 7 6 3 3 3 3 3 7 6 3 3 3 7 6 3 7 6 3 3 3 3 3 3 3 7 3 3 6 3 7 6 7 6 3 3 3 7 2 1 6 3 3 3 3 3 3 7 6 7 3 6 7 6 3 3 3 7 6 7 3 3 6 7 3 6 3 3 3 3 3 3 7 2 1 2 1 6 3 3 7 6 3 3 7 6 3 3 3 3 3 3 3 3 3 3 3 3 3 7 6 3 3 3 7 6 3 3 7 6 3 3 3 7 6 3 3 7 2 1 6 3 3 7 6 3 3 3 7 6 3 7 6 3 7 3 6 3 3 7 6 3 3 7 6 3 3 3 3 3 3 3 3 3 3 7 2 ,1 6 3 3 3 3 3 3 3 3 3 3 3 3 3 3 3 3 3 3 3 3 3 3 3 3 3 3 
BNG0237,,1 2 1 1 2 1 1 2 1 1 2 1 1 2 ,1 
VLB0647,,1 2 1 2 1 2 1 2 1 2 ,1 
GTD0898,,1 2 1 2 1 2 1 2 1 2 ,1 
FGW0853,,1 2 1 2 1 2 1 2 1 2 ,1 
AMV0036,,1 4 4 2 1 2 1 2 1 2 1 2 ,1 
NRD0548,,1 2 1 2 1 2 1 2 1 2 ,1 
XHG0902,,1 2 1 2 1 2 1 2 1 2 ,1 
CCW0031,,1 2 1 2 1 2 1 2 1 2 ,1 
DIB0081,,1 1 2 6 3 3 3 7 6 3 3 7 2 1 6 3 3 3 3 3 3 7 1 6 3 3 7 3 2 1 6 3 7 6 7 3 3 3 3 3 3 3 3 1 6 3 3 3 7 1 2 2 1 6 3 3 3 3 3 3 3 3 3 3 3 3 7 1 2 1 6 3 7 1 6 3 7 6 3 3 3 3 7 2 ,1 6 3 3 3 3 3 7 1 2 3 3 3 3 3 3 3 3 3 3 3 3 3 3 3 3 3 3 
ANP0555,,1 2 1 2 1 2 1 2 1 2 ,1 
HDJ0446,,1 2 1 2 1 2 1 2 1 2 ,1 
LQP0508,,1 1 2 1 1 2 1 2 1 1 2 1 1 2 ,1 1 2 
LCC0819,,1 6 3 3 3 3 7 2 1 6 7 2 1 6 3 3 3 7 6 3 7 6 3 7 2 1 6 7 6 7 2 1 6 3 7 6 3 7 6 3 3 7 6 3 7 2 ,1 
BVC0790,,1 4 4 4 6 3 4 3 4 7 4 4 4 4 1 6 7 2 1 1 6 3 3 7 2 1 1 2 6 7 2 1 6 7 2 1 6 3 3 7 1 2 1 1 6 7 2 1 1 2 6 3 7 3 6 7 2 ,1 6 7 1 6 7 2 1 3 3 3 3 3 3 
KBC0054,,1 2 1 2 1 2 1 2 1 2 ,1 
WDO0870,,1 2 1 2 1 2 1 2 1 2 ,1 
NUL0471,,1 2 1 1 2 1 2 1 1 2 1 1 2 ,1 
APG0307,,1 2 1 2 1 2 1 2 1 2 ,1 
WAS0254,,1 4 2 1 1 2 1 2 1 1 2 1 1 2 ,1 
ARL0034,,1 2 1 2 1 2 1 2 1 2 ,1 
ABM0845,,1 1 2 1 1 2 1 2 1 1 2 1 1 2 ,1 
ESH0135,,1 2 1 2 1 2 1 2 1 2 ,1 
AOS0987,,1 1 1 2 2 1 1 2 1 1 2 1 1 2 1 1 2 ,1 1 2 
GQF0659,,1 2 1 2 1 2 1 2 1 2 ,1 
ALD0544,,1 2 1 2 1 2 1 2 1 2 ,1 
ROB0272,,1 2 1 2 1 2 1 2 1 2 ,1 
HMM0108,,1 6 3 3 3 3 3 7 1 1 2 2 1 1 6 3 7 6 3 3 7 3 2 1 6 3 3 3 3 3 3 3 3 7 1 2 2 1 6 3 3 3 3 3 3 3 3 3 3 7 1 2 1 6 3 3 3 3 3 3 3 3 7 1 6 3 3 7 2 ,1 3 3 3 3 3 3 3 3 3 3 3 3 3 3 
BEC0505,,1 2 1 2 1 2 1 2 1 2 ,1 
CKP0721,,1 2 1 2 1 2 1 2 1 2 ,1 
BRB0355,1 5 5 5 5 5 5 5 5 5 5 5 5 5 5 5 5 5 5 4 4 1 4 4 4 4 6 7 6 7 4 4 4 4 2 ,1 6 3 4 4 4 4 4 4 3 7 4 1 6 7 6 3 7 4 4 4 2 1 6 7 6 7 6 7 6 7 2 1 1 6 3 3 7 2 1 6 3 7 1 2 1 1 2 6 3 7 2 1 6 3 7 6 3 3 7 1 6 3 7 1 2 2 1 1 6 3 3 3 7 2 ,1 6 7 1 2 2 1 6 3 1 3 
CAS0507,,1 6 3 3 3 3 3 3 3 3 3 3 3 3 3 3 3 3 3 3 3 3 3 3 3 3 7 3 3 3 1 1 2 2 1 1 2 1 6 3 3 3 3 7 6 3 3 3 7 1 6 7 3 3 3 3 3 3 3 3 3 3 3 3 3 3 3 3 1 2 6 3 3 3 3 7 2 1 6 3 3 3 3 3 3 3 3 3 3 3 3 3 3 3 3 3 3 3 3 7 1 6 3 3 3 3 3 3 3 7 2 1 1 6 3 3 3 3 3 3 3 3 3 3 3 3 3 3 3 3 3 3 3 3 3 3 3 3 7 2 ,1 3 3 3 3 3 3 3 3 3 3 3 3 3 3 3 3 3 3 3 3 3 3 3 3 3 3 3 3 3 3 3 3 3 3 3 3 3 3 3 3 3 3 3 3 3 3 3 3 3 3 3 3 3 3 
AMD0077,,1 2 1 2 1 2 1 2 1 2 ,1 
AMR0400,,1 2 1 2 1 2 1 2 1 2 ,1 
LBH0942,,1 6 3 3 7 6 3 4 7 6 3 7 3 4 4 4 4 6 7 3 3 3 6 3 3 3 3 3 3 7 3 1 4 4 4 4 6 3 3 7 6 3 3 7 6 3 3 3 7 2 1 6 3 3 3 3 3 3 3 3 3 7 3 6 3 3 7 1 6 3 7 6 3 3 7 6 3 7 6 3 3 7 6 3 7 6 3 3 3 3 3 3 3 7 6 7 2 1 6 3 3 3 3 7 6 7 6 3 7 6 3 3 3 3 3 7 6 3 3 7 6 3 3 3 3 7 6 3 7 6 3 3 7 3 6 3 3 3 3 7 2 1 6 3 3 3 7 6 3 3 3 3 7 6 3 7 3 1 6 3 3 3 7 6 3 3 3 3 3 3 7 6 3 7 6 7 6 3 3 3 3 7 6 3 7 3 3 2 1 6 3 3 3 3 7 6 3 7 6 3 7 3 6 3 3 3 7 6 3 3 3 7 6 3 7 6 3 3 3 7 3 1 6 3 3 3 3 3 7 6 7 2 1 6 7 3 6 7 6 3 3 3 3 7 6 3 7 6 3 3 3 3 3 3 3 3 7 3 3 6 3 3 3 3 3 3 3 7 6 7 6 3 3 7 6 3 3 7 2 ,1 6 3 3 7 6 3 3 3 3 3 3 3 3 7 6 3 3 7 6 3 3 7 1 6 3 7 3 6 3 7 3 6 7 3 6 3 3 7 2 1 6 7 6 3 7 3 6 3 3 3 7 6 3 7 3 3 3 3 3 3 1 3 3 3 3 3 3 3 3 3 3 3 3 3 3 3 3 3 3 3 3 3 3 3 
VCC0396,,1 6 3 3 3 3 7 1 6 3 3 7 2 1 1 2 1 6 3 3 7 6 7 3 6 3 7 1 2 6 3 3 7 2 1 2 1 1 6 3 3 3 3 3 3 3 3 3 3 7 3 3 2 1 1 2 ,1 3 3 3 3 3 3 3 3 
MAD0753,,1 2 1 2 1 2 1 2 1 2 ,1 
NAB0903,,1 2 1 2 1 2 1 2 1 2 ,1 
VTT0385,,1 6 7 6 7 6 7 6 7 6 7 6 7 6 7 6 7 6 7 2 1 6 7 6 7 6 7 6 7 6 7 6 7 6 7 6 7 6 7 2 1 1 2 6 3 7 6 7 6 7 6 3 3 7 6 7 6 7 6 7 6 7 2 1 6 7 6 7 6 7 6 7 6 7 6 7 6 7 2 1 6 7 6 7 6 7 6 7 6 7 6 7 6 7 6 7 2 ,1 6 7 6 7 6 7 
BMG0917,,1 6 7 6 3 3 7 6 3 3 7 6 7 6 7 6 3 3 3 3 7 6 3 3 3 3 3 3 3 3 3 3 7 6 3 3 7 6 3 7 2 1 6 3 7 6 3 3 3 7 1 6 3 3 3 3 3 3 7 6 3 3 3 7 6 3 3 3 7 6 7 6 3 7 6 3 7 6 3 3 7 2 1 6 3 3 7 6 3 7 6 3 7 6 3 3 3 3 7 6 7 6 3 3 3 3 3 3 3 3 7 6 7 3 6 7 6 3 3 7 2 1 6 3 3 3 3 3 3 3 3 3 3 7 1 6 7 6 3 3 7 3 6 3 3 3 7 6 3 3 7 6 3 3 3 7 6 7 6 3 7 6 3 3 7 2 1 6 3 3 3 3 3 3 7 6 7 1 6 3 3 3 7 6 7 6 3 3 3 3 3 3 3 7 6 3 7 6 3 3 3 3 3 3 3 7 6 7 2 ,1 6 3 7 3 3 3 3 3 3 3 3 3 3 3 3 3 3 3 3 3 3 3 3 3 3 3 3 3 3 3 3 3 3 3 3 3 3 3 3 3 3 3 
BBG0325,,1 6 7 2 1 1 6 3 3 3 3 7 2 1 6 3 3 7 2 1 1 2 1 1 2 ,1 
NAF0326,,1 4 4 4 4 4 4 4 4 4 4 4 4 4 4 4 4 6 7 1 6 7 6 3 7 2 1 6 3 3 3 3 3 3 3 3 3 3 3 7 1 2 1 1 2 6 3 3 3 7 2 1 1 6 3 3 7 6 3 3 7 6 7 2 1 6 3 3 3 3 3 7 1 6 3 3 3 7 2 1 6 3 3 7 6 3 7 1 6 3 3 7 1 2 2 ,1 6 3 3 3 7 3 1 2 1 6 3 3 7 1 3 3 3 3 3 3 3 
EHD0584,,1 2 1 1 2 1 2 1 1 2 1 1 2 ,1 1 
EFS0882,,1 2 1 2 1 2 1 2 1 2 ,1 
BAJ0654,,1 6 3 3 3 3 3 3 3 3 3 3 3 3 3 3 3 3 3 3 3 3 3 3 3 3 3 3 3 7 2 1 6 3 3 3 3 3 7 6 3 3 3 3 3 3 3 3 3 3 3 3 3 3 3 3 3 3 3 3 3 3 7 2 1 6 3 3 3 3 3 3 3 3 3 3 3 3 3 3 3 3 3 3 3 3 3 3 3 3 3 7 2 1 6 3 3 3 3 3 3 3 3 3 3 3 3 3 3 3 3 3 3 3 3 3 3 3 3 7 2 1 2 ,1 
ALD0529,,1 1 2 1 1 2 1 2 1 1 2 1 1 2 ,1 
CMS0454,,1 2 1 2 1 2 1 2 1 2 ,1 
ICH0294,,1 6 3 3 3 3 3 3 3 3 3 3 3 7 2 1 6 3 3 3 3 7 6 3 7 6 3 3 7 2 1 6 3 7 6 3 3 3 3 3 7 6 3 1 2 7 2 1 6 3 3 3 3 3 3 7 6 3 3 3 7 2 1 6 3 7 6 3 3 7 3 3 2 ,1 1 3 3 3 3 3 3 3 3 3 3 3 3 3 3 3 3 3 3 3 
CSL0949,,1 2 1 2 1 2 1 2 1 2 ,1 
JSH0330,,1 4 2 1 2 1 2 1 2 1 2 ,1 
AJD0074,,1 4 4 4 4 4 4 4 1 2 1 1 6 3 3 3 3 3 7 3 2 1 1 2 1 1 2 1 1 2 1 1 2 2 ,1 6 3 3 7 6 7 1 
EGD0132,,1 6 3 3 7 2 1 6 3 3 3 3 7 2 1 6 3 7 2 1 6 3 3 7 6 7 2 1 6 3 3 3 3 3 7 2 ,1 3 3 3 3 3 
RGN0408,,1 2 1 2 1 2 1 2 1 2 ,1 
KAT0270,,1 2 1 2 1 2 1 2 1 2 ,1 
LPH0572,,1 2 1 2 1 2 1 2 1 2 ,1 
FBW0747,,1 2 1 2 1 1 2 2 1 2 1 2 1 2 ,1 
ILH0958,,1 1 1 2 2 1 1 2 1 1 1 2 6 3 3 3 3 3 3 3 3 3 3 3 3 3 3 3 3 3 3 3 3 3 7 3 2 1 6 3 3 3 3 3 3 3 3 3 3 3 3 3 3 3 3 7 6 3 7 1 2 1 1 2 ,1 1 2 
DGN0480,,1 2 1 2 1 2 1 2 1 2 ,1 
SGM0021,,1 4 1 6 3 3 3 3 3 7 6 7 2 1 6 3 3 3 3 7 6 3 7 6 3 7 6 3 3 3 3 3 3 7 1 2 1 6 3 3 3 3 3 3 7 3 6 3 3 7 2 1 6 3 3 3 3 3 3 7 1 6 3 7 6 3 3 3 7 2 1 6 3 3 3 3 7 6 3 7 6 3 7 1 6 3 7 6 3 7 2 ,1 1 3 3 3 3 3 3 3 3 3 3 3 3 3 3 3 3 3 3 
CYA0506,,1 2 1 2 1 2 1 2 1 2 ,1 
HCW0419,,1 2 1 1 2 1 1 2 1 1 2 1 1 2 ,1 1 
UIR0043,,1 2 1 2 1 2 1 2 1 2 1 2 1 2 1 2 1 2 1 2 1 2 1 1 2 2 1 2 1 2 1 2 1 1 1 2 2 2 1 2 ,1 2 1 1 2 
JMD0520,,1 6 3 3 3 3 3 7 3 2 1 6 3 3 7 6 7 1 2 1 1 6 7 3 3 3 2 1 6 3 7 1 6 3 3 3 3 3 3 7 2 1 6 3 3 3 3 3 3 3 7 1 6 3 7 2 ,1 6 3 3 3 3 3 3 3 3 3 3 3 3 
HKF0831,,1 2 1 2 1 2 1 2 1 2 ,1 
SAA0999,,1 6 3 3 3 7 1 6 3 7 6 3 3 7 6 3 3 3 3 7 6 7 6 3 3 7 6 3 3 3 3 3 3 3 3 3 3 7 6 3 3 7 6 3 3 7 2 1 6 7 3 3 6 3 3 3 7 6 3 3 7 6 7 3 3 1 6 3 3 3 3 3 3 3 3 3 7 6 3 7 6 3 7 6 3 3 3 3 3 7 6 3 3 7 2 1 6 3 3 7 6 3 3 3 7 6 7 6 3 3 7 6 3 3 3 7 6 3 3 3 7 3 3 3 6 3 3 7 6 3 3 7 6 3 3 3 7 2 1 6 3 3 3 3 3 3 7 6 7 6 3 7 6 3 3 7 6 3 3 3 3 3 3 3 3 3 3 3 7 6 3 7 6 7 1 6 3 3 7 6 3 7 2 1 6 3 3 3 3 3 7 6 7 3 6 3 7 6 3 3 3 3 3 3 7 3 3 6 3 3 3 7 1 6 3 3 3 7 3 6 3 7 3 3 3 3 2 ,1 6 3 7 6 1 2 3 3 3 3 3 3 3 3 3 3 1 3 3 3 3 3 3 3 3 3 3 3 3 3 3 3 3 3 3 3 3 3 3 3 3 3 3 3 3 3 3 
WRM0963,,1 1 2 1 1 2 1 1 2 1 1 2 1 1 2 ,1 
KNG0672,,1 2 1 2 1 2 1 2 1 2 ,1 
CAM0681,,1 1 2 1 6 3 3 3 7 1 2 1 6 3 7 6 3 3 7 2 1 1 6 3 3 7 2 1 1 6 3 7 6 3 3 3 3 7 2 ,1 3 3 3 3 3 
AHD0848,,1 1 2 1 1 2 1 1 2 1 1 6 3 3 3 3 3 3 3 3 3 7 2 1 1 2 1 6 7 2 ,1 1 
MSH0040,,1 2 1 2 1 2 1 2 1 1 2 2 1 2 1 2 1 2 1 2 1 2 1 2 1 2 1 2 1 2 ,1 2 1 
HRB0351,,1 1 2 1 1 2 1 1 1 2 2 1 1 2 1 1 2 1 1 2 ,1 1 3 3 3 3 3 3 3 3 3 3 3 3 3 3 3 3 3 3 3 3 3 3 3 
IJM0776,,1 6 7 6 7 6 7 2 1 6 3 7 2 1 2 1 6 6 7 2 1 6 3 7 6 7 3 6 3 3 7 6 3 7 2 ,1 3 
MKL0941,,1 2 1 2 1 2 1 2 1 2 ,1 
PMV0850,,1 1 2 6 3 3 7 6 7 2 1 1 6 3 7 6 7 2 1 1 2 2 1 1 6 7 2 1 1 2 ,1 3 3 
JFC0757,,1 2 1 2 1 2 1 2 1 2 ,1 
LNR0656,,1 2 1 2 1 2 1 2 1 2 ,1 
AAS0442,,1 1 2 1 1 2 1 1 2 1 1 2 1 1 2 ,1 1 
AKW0167,,1 2 1 2 1 2 1 2 1 2 ,1 
VIA0063,,1 6 7 6 7 3 3 6 3 3 3 3 3 3 7 6 3 3 3 3 3 7 6 3 3 7 3 3 6 3 3 7 3 6 3 3 3 3 7 2 1 6 3 3 7 6 3 7 6 3 3 7 6 3 3 3 3 3 3 3 3 3 3 7 6 3 3 7 6 3 3 7 6 3 3 7 6 3 3 3 7 6 7 2 1 6 3 7 6 3 7 6 3 3 3 3 3 7 6 3 3 3 7 6 3 3 7 6 3 3 3 7 6 3 7 6 3 3 3 3 3 3 7 6 3 3 7 2 1 6 3 3 7 6 3 3 3 3 3 7 6 7 6 3 3 3 3 3 3 3 3 3 3 3 3 7 6 3 3 3 7 6 7 6 3 7 6 3 3 3 7 6 7 2 1 6 3 3 7 6 3 3 3 3 7 6 3 3 3 3 7 6 7 6 3 3 7 6 3 3 7 6 3 3 3 3 3 3 7 3 3 6 3 3 3 3 3 7 6 7 2 ,1 6 3 3 3 3 3 3 3 3 3 3 3 7 6 3 7 3 6 3 3 3 3 3 3 3 3 3 3 3 3 3 3 3 3 3 3 3 3 3 3 3 3 3 3 3 3 3 3 3 3 3 3 3 
DBB0384,,1 6 3 3 7 6 3 3 7 6 3 3 3 7 6 3 3 7 6 3 3 7 6 3 3 3 3 3 3 3 3 3 7 6 3 3 3 3 3 3 3 7 6 7 6 7 2 1 6 3 3 7 6 3 7 3 3 3 3 3 3 3 3 3 6 3 7 6 3 3 3 3 7 6 3 3 3 7 6 7 6 3 3 3 3 3 3 7 6 3 7 6 7 2 1 6 3 3 3 3 7 3 6 7 6 3 3 7 6 3 3 3 7 6 3 7 6 7 3 6 7 6 3 3 3 3 3 3 7 6 3 3 3 7 2 1 6 3 3 7 6 7 6 7 6 3 7 6 3 3 3 3 3 3 7 6 3 3 3 3 3 3 7 6 3 3 3 3 3 3 3 7 6 7 6 3 3 3 3 7 2 1 6 3 3 7 6 3 7 6 3 3 3 3 3 3 3 7 3 6 3 3 3 7 3 6 3 7 6 3 3 7 6 3 3 3 3 7 6 3 3 3 7 6 3 3 7 2 ,1 3 3 3 3 3 3 3 3 3 3 3 3 3 3 3 3 3 3 3 3 3 3 3 3 3 3 3 3 3 3 3 3 3 3 3 3 3 3 3 3 3 3 3 3 3 3 3 3 
ARA0252,,1 1 2 1 1 2 1 1 2 1 1 2 1 1 2 ,1 
GCC0945,,1 2 1 2 1 2 1 2 1 2 ,1 
MIL0255,,1 2 1 2 1 2 1 2 1 2 ,1 
ONL0276,,1 4 4 2 1 2 1 2 1 2 1 2 ,1 
SAC0592,,1 2 1 1 2 1 2 1 1 2 1 1 2 ,1 
JCC0225,,1 2 1 4 4 4 4 4 4 4 4 1 2 2 1 2 1 2 1 2 1 2 1 2 1 2 1 2 1 2 1 2 1 2 1 2 1 2 1 2 1 2 1 2 1 1 2 2 1 2 ,1 1 2 
HDD0806,1 5 5 5 5 5 5 5 5 5 5 5 5 5 5 5 5 5 5 1 4 4 4 4 4 4 4 4 4 2 ,1 1 4 4 4 4 4 4 4 4 4 2 1 1 2 1 1 2 1 1 2 1 2 1 1 2 ,1 1 2 1 
IKR0401,,1 6 7 6 3 3 7 3 2 1 6 3 3 7 6 3 3 3 7 2 1 6 3 3 7 6 3 7 2 1 6 3 3 3 3 3 7 2 1 6 7 3 6 3 3 3 3 7 2 ,1 3 3 3 
RAR0725,,1 4 6 3 3 3 3 7 6 3 7 2 1 6 7 6 7 2 1 6 7 6 7 2 1 6 3 3 7 2 1 6 3 7 6 3 7 6 7 2 ,1 6 3 7 3 3 3 
AJN0607,,1 6 7 1 6 7 6 1 2 7 6 7 2 1 6 3 3 7 1 2 1 6 3 3 7 3 6 7 6 7 6 7 6 7 1 2 2 1 6 3 3 7 6 3 7 1 6 3 7 6 3 7 2 1 6 3 3 3 3 3 7 1 6 3 3 7 2 ,1 6 3 3 7 6 7 6 3 7 1 2 3 
IBB0359,,1 6 7 6 3 7 6 3 7 6 3 7 6 7 1 6 3 3 7 6 7 6 3 7 6 3 7 2 1 2 1 6 3 3 3 3 7 3 2 1 6 7 6 3 7 6 7 6 3 7 6 3 7 1 6 3 7 6 3 7 6 7 2 1 6 3 3 3 3 3 3 7 2 1 6 3 3 3 7 2 1 1 6 6 7 7 6 2 7 6 3 7 6 7 6 7 6 7 6 7 1 2 1 6 3 3 3 7 3 3 2 1 6 3 3 3 7 2 1 1 2 6 7 6 7 2 1 6 7 2 1 6 7 6 7 6 7 1 6 7 6 7 6 7 6 7 6 7 6 7 6 7 2 1 6 7 2 1 6 7 3 3 3 3 3 3 3 3 2 1 6 3 7 6 7 6 7 1 6 7 6 7 6 7 6 7 6 3 7 2 ,1 6 7 6 7 3 3 3 3 3 3 
KDT0346,,1 1 2 1 1 2 1 1 2 1 1 2 1 1 2 ,1 
MVH0373,,1 2 1 2 1 2 1 2 1 2 1 2 1 2 1 1 2 2 1 2 1 2 1 2 1 2 1 2 1 2 1 2 1 2 1 2 1 2 1 2 1 2 ,1 2 1 
BTW0005,,1 1 2 2 1 2 1 2 1 2 1 2 ,1 1 2 
HMW0713,,1 2 1 2 1 2 1 2 1 2 ,1 
SSJ0784,1 5 5 5 5 4 4 5 4 5 5 5 5 5 5 1 2 ,1 4 4 1 4 2 1 1 2 1 1 2 1 1 2 1 1 2 1 2 1 1 2 ,1 1 2 1 
KRV0372,,1 2 1 2 1 2 1 2 1 2 1 2 1 2 1 2 1 1 2 1 2 2 1 2 1 2 1 2 1 1 2 2 1 2 1 2 1 2 1 2 1 2 ,1 2 1 2 1 2 1 
MAE0331,,1 2 1 2 1 2 1 2 1 2 ,1 
IMB0481,,1 2 1 2 1 2 1 2 1 2 ,1 
RNP0211,,1 6 3 3 3 3 3 7 6 7 6 3 3 3 3 7 2 1 6 3 3 7 6 3 3 3 3 7 1 6 3 3 7 2 1 6 3 3 3 3 3 3 3 3 3 3 3 3 3 2 1 6 3 7 6 3 7 1 6 3 7 6 7 3 6 3 3 3 3 7 2 1 6 3 3 3 7 3 3 3 6 3 7 6 3 3 3 7 1 2 ,1 6 3 3 3 3 3 3 7 3 3 3 3 3 3 3 3 3 3 3 3 
SLT0907,,1 2 1 2 1 2 1 2 1 2 ,1 
MAR0955,,1 2 1 2 1 2 1 2 1 2 ,1 
CWB0065,,1 4 4 4 4 1 2 2 1 1 2 1 1 2 1 1 2 1 1 2 ,1 1 2 1 
HVB0037,1 4 5 5 4 5 5 5 5 4 5 5 4 5 5 5 5 5 4 5 5 5 5 5 5 4 4 4 5 5 4 5 4 4 4 2 ,1 4 2 1 2 1 2 1 2 1 2 1 2 ,1 
AMR0318,,1 4 4 4 1 2 1 1 2 1 2 1 1 2 1 1 2 ,1 6 7 
TOR0193,,1 1 2 1 1 2 1 1 2 1 1 2 1 1 2 ,1 
OMS0101,,1 2 1 2 1 2 1 2 1 2 ,1 
MHH0180,1 5 5 4 5 1 4 4 2 ,1 1 2 1 2 1 1 2 1 1 2 1 2 1 1 2 ,1 1 
MCF0600,,1 4 2 1 2 1 2 1 2 1 2 1 1 2 2 ,1 2 1 
ASS0517,,1 1 2 1 1 2 1 2 1 1 2 1 1 2 ,1 
CCL0068,,1 6 7 6 3 7 6 3 7 2 1 6 3 3 3 3 3 7 2 1 6 7 6 7 6 7 2 1 6 3 3 7 6 7 6 7 2 1 6 3 7 6 3 7 6 3 3 3 7 2 ,1 3 3 
TQS0212,,1 2 1 2 1 2 1 2 1 2 ,1 
RMS0266,,1 2 1 2 1 2 1 2 1 2 ,1 
RAM0447,,1 4 2 1 1 2 1 2 1 1 2 1 1 2 1 1 2 ,1 1 2 1 1 
JHP0583,1 5 4 1 2 ,1 6 3 3 3 3 3 3 3 7 1 2 1 6 7 6 7 6 3 3 3 7 2 1 6 3 3 3 7 1 6 3 7 2 1 6 3 7 3 1 6 7 2 1 1 2 6 7 6 7 6 3 7 6 3 3 3 7 3 2 1 6 3 3 3 7 1 2 ,1 6 3 3 1 3 3 3 
JDC0030,1 5 5 5 5 4 5 5 5 5 5 5 5 5 5 5 4 5 5 5 5 5 5 5 5 5 5 5 5 5 5 5 5 1 6 3 3 3 3 7 4 4 4 4 4 4 4 4 2 ,1 4 4 4 1 4 4 4 4 4 4 4 2 1 1 1 2 2 1 6 3 3 3 3 3 3 3 7 1 2 1 6 7 1 6 3 3 3 7 2 1 2 1 1 6 3 3 3 7 2 1 1 2 ,1 1 2 2 1 1 
BHC0665,,1 2 1 2 1 1 2 2 1 2 1 2 ,1 1 2 
PTH0830,,1 4 2 1 2 1 2 1 2 1 2 1 2 1 2 ,1 2 1 
DVM0265,,1 4 1 2 2 1 2 1 1 2 2 1 2 1 2 ,1 1 2 
LLV0602,,1 4 2 1 2 1 2 1 2 1 2 ,1 
TBT0461,,1 2 1 2 1 2 1 2 1 2 ,1 
MLG0475,,1 2 1 2 1 2 1 2 1 2 ,1 
TCD0009,,1 2 1 2 1 2 1 2 1 2 ,1 
BYP0070,,1 2 1 2 1 2 1 2 1 2 ,1 
AVM0947,,1 6 3 3 3 7 6 3 3 3 7 6 3 3 3 3 3 3 3 7 6 3 7 6 3 3 3 3 3 7 6 3 3 3 3 7 2 1 6 3 3 7 6 7 6 7 6 3 3 3 3 3 3 3 3 3 3 7 6 3 3 3 3 3 7 6 7 6 3 7 2 1 6 3 3 7 6 3 3 3 7 6 7 6 3 3 3 7 3 6 3 3 3 3 7 6 7 6 3 3 3 3 3 3 3 7 6 3 3 7 6 3 3 7 2 1 6 3 3 3 7 6 3 3 7 3 6 3 3 3 3 3 3 3 3 3 3 7 3 6 3 3 3 7 6 3 7 6 3 3 7 6 3 7 6 3 3 7 6 3 7 2 1 6 3 3 3 3 3 3 3 3 7 6 7 6 3 3 3 7 6 3 3 7 6 3 7 6 3 3 7 6 7 3 6 3 7 3 6 3 7 2 ,1 6 3 7 6 7 3 6 3 3 3 7 3 6 3 3 3 3 7 6 7 3 3 3 3 3 3 3 3 3 3 3 3 3 3 3 3 3 3 3 3 3 3 3 3 3 3 3 3 3 3 3 3 3 3 3 3 
BSS0369,,1 6 7 3 3 3 3 3 2 1 4 4 4 6 7 6 3 3 7 6 7 6 4 7 6 4 3 7 6 3 7 6 4 4 4 7 6 4 3 4 7 2 1 6 7 6 3 3 3 3 3 7 6 7 6 7 6 7 6 7 6 7 6 3 7 6 7 2 1 6 3 3 7 3 3 3 3 3 2 1 6 7 2 1 6 7 2 1 6 7 6 3 7 6 7 6 3 3 3 1 7 6 7 2 6 3 7 6 7 6 7 6 3 7 6 3 7 2 1 6 3 3 3 3 3 7 3 2 1 6 3 3 3 3 3 7 3 3 2 1 6 7 3 3 3 3 3 3 3 2 1 6 3 3 3 7 2 1 6 3 3 3 3 7 2 1 2 1 6 7 2 1 6 3 3 7 6 7 6 7 6 7 6 7 6 3 3 7 6 7 6 7 6 3 7 2 1 6 3 3 7 2 1 6 3 7 6 7 6 7 1 6 3 3 3 7 3 3 2 6 7 6 7 6 3 7 6 7 6 7 6 7 2 1 6 7 3 3 3 3 3 3 3 2 1 6 3 3 3 7 3 3 1 6 2 7 3 3 2 1 6 7 3 3 3 3 3 2 1 6 7 6 7 6 7 6 7 6 7 6 1 2 7 6 7 6 7 2 1 6 7 2 ,1 6 7 6 7 1 6 3 7 3 3 3 2 6 3 3 7 6 7 6 3 7 6 3 7 6 7 6 7 2 1 6 7 3 3 3 3 2 1 6 7 3 2 1 6 7 2 1 6 1 2 7 2 1 3 3 3 3 3 3 3 3 3 
SRS0231,,1 2 1 2 1 2 1 2 1 2 ,1 
EMS0317,,1 2 1 2 1 2 1 2 1 2 ,1 
OKB0439,,1 2 1 2 1 2 1 2 1 2 ,1 
ILJ0526,,1 1 2 6 3 7 6 3 3 7 1 2 1 6 3 3 3 3 3 7 1 2 1 2 1 6 3 3 7 3 3 3 3 1 2 1 1 6 3 3 3 3 3 3 3 7 3 2 ,1 1 2 
RCP0785,,1 2 1 2 1 2 1 2 1 2 ,1 
FLM0213,,1 2 1 2 1 2 1 2 1 2 ,1 
HDL0748,,1 2 1 2 1 2 1 2 1 2 ,1 
GBM0603,,1 2 1 2 1 2 1 2 1 2 ,1 
NWK0215,1 4 4 5 4 5 5 5 4 5 5 4 4 5 5 5 5 5 4 5 5 5 4 5 4 5 5 5 4 4 4 4 5 5 5 5 5 5 5 5 5 5 5 5 1 2 ,1 1 2 1 4 4 4 4 2 1 1 2 1 1 2 1 2 1 1 2 ,1 1 2 1 1 
WBC0315,,1 4 4 4 2 1 2 1 2 1 2 1 2 ,1 
CCC0393,,1 4 4 2 1 2 1 2 1 2 1 2 ,1 
WIQ0567,,1 4 4 6 3 3 3 3 3 3 3 3 7 1 4 4 4 4 4 4 4 2 1 6 3 3 3 3 3 3 7 1 6 3 3 3 7 2 1 2 1 1 6 3 3 2 1 6 7 6 3 3 3 3 3 7 1 2 1 2 1 1 2 ,1 6 3 3 3 3 3 3 3 3 3 7 1 2 1 
WXH0872,,1 4 4 6 3 7 6 3 7 6 3 3 3 7 1 2 2 1 6 7 6 7 6 7 2 1 2 1 6 3 7 6 7 3 3 2 1 2 ,1 3 3 3 3 
LJR0523,,1 2 1 2 1 2 1 2 1 2 ,1 
MDM0976,,1 2 1 2 1 2 1 2 1 2 ,1 
SBN0971,,1 4 2 1 6 3 3 3 3 7 3 2 1 2 1 2 1 2 1 2 ,1 6 3 3 3 3 3 3 3 7 3 2 1 
CIM0271,,1 6 3 3 3 3 3 7 1 6 3 3 3 7 2 1 1 6 3 3 3 3 7 6 3 7 2 1 6 3 3 3 3 7 6 3 3 3 2 1 1 6 7 6 3 3 7 2 1 6 3 3 3 3 3 3 3 7 1 2 ,1 3 3 
IIW0249,1 5 6 5 7 5 5 5 5 5 5 5 5 5 5 5 5 5 5 5 5 5 5 6 5 5 7 6 5 7 5 5 5 5 6 7 6 7 6 7 6 4 4 7 4 4 4 4 4 4 4 6 7 6 7 2 ,1 6 7 6 7 6 7 6 7 6 7 6 7 6 7 6 7 2 1 6 7 6 7 6 1 2 7 6 7 6 7 6 7 6 7 6 7 6 7 2 1 6 7 6 7 6 7 6 7 6 7 6 7 6 7 6 7 6 7 2 1 6 7 6 7 6 7 6 3 7 6 7 6 7 6 7 6 7 6 7 2 1 6 7 6 3 7 6 3 7 6 3 7 6 7 6 3 7 6 7 6 7 6 3 3 7 2 ,1 6 7 3 3 3 
FQA0854,,1 2 1 2 1 2 1 2 1 2 ,1 
MIC0726,,1 2 1 2 1 2 1 2 1 2 ,1 
FRB0023,,1 2 1 2 1 2 1 2 1 2 ,1 
IRT0491,,1 2 1 2 1 2 1 2 1 2 ,1 
NGF0157,1 5 5 5 5 5 5 5 5 5 5 5 5 5 5 5 5 5 5 5 5 5 5 5 5 1 5 5 4 4 4 4 4 4 4 4 4 2 ,1 1 2 1 6 3 7 6 3 7 1 2 1 2 1 1 2 1 1 2 1 2 ,1 1 3 3 3 3 3 3 3 
IMG0320,,1 2 1 2 1 2 1 2 1 2 ,1 
ZCF0590,,1 2 1 2 1 2 1 2 1 2 ,1 
PBP0002,,1 2 1 2 1 2 1 2 1 2 ,1 
JAD0609,,1 1 2 2 1 2 1 2 1 2 1 2 ,1 
JTM0223,,1 2 1 2 1 1 2 1 2 1 2 1 2 1 1 2 1 2 1 1 2 1 2 1 2 1 2 1 2 1 2 1 1 2 1 2 1 2 1 2 1 2 1 1 2 1 2 1 2 1 2 ,1 2 1 1 1 2 
MBW0809,,1 2 1 2 1 2 1 2 1 2 ,1 
GCS0518,,1 2 1 2 1 2 1 2 1 2 ,1 
MJB0588,,1 2 1 2 1 2 1 2 1 2 ,1 
HCC0344,,1 2 1 2 1 2 1 2 1 2 ,1 
RMW0542,,1 6 7 2 1 6 3 7 6 3 3 7 3 6 7 6 3 7 2 1 6 3 3 3 3 3 7 2 1 6 3 7 6 3 3 3 3 7 2 1 6 7 6 7 2 ,1 3 3 3 3 3 
CLF0852,,1 4 4 4 1 1 2 2 1 1 2 1 1 2 1 1 2 1 1 2 ,1 1 2 
PSF0133,,1 6 7 6 3 7 2 1 6 7 6 7 2 1 6 7 6 3 7 2 1 6 7 6 3 3 3 7 2 1 6 3 3 7 3 3 6 3 7 2 ,1 
MLL0598,,1 6 7 6 7 6 7 6 7 6 7 6 7 6 7 2 1 6 7 6 7 6 7 6 7 6 7 6 3 3 3 7 6 7 6 7 2 1 6 7 6 7 6 7 6 7 6 7 6 7 6 7 2 1 6 7 6 7 6 7 6 7 6 7 6 7 6 7 6 7 6 7 2 1 6 7 6 7 6 7 6 7 6 7 6 7 6 7 6 7 2 ,1 6 7 
GNZ0953,,1 4 1 2 1 1 2 1 2 1 1 2 1 1 2 ,1 
KDS0349,,1 2 1 2 1 2 1 2 1 2 ,1 
BSB0990,,1 2 1 2 1 2 1 2 1 2 ,1 
MPT0376,,1 1 2 1 2 1 1 2 1 1 2 6 3 3 3 3 7 6 3 3 3 7 2 1 1 6 3 3 3 3 3 3 3 7 2 1 6 3 7 6 3 3 3 3 7 3 1 2 ,1 1 2 
CBG0398,,1 2 1 2 1 2 1 2 1 2 ,1 
AGB0186,,1 4 2 1 2 1 2 1 2 1 2 ,1 
ACC0042,,1 2 1 4 4 2 1 2 1 2 1 2 1 1 2 2 1 2 1 2 1 2 1 2 1 2 1 2 1 2 1 2 1 2 1 2 1 2 ,1 2 1 
BQS0525,1 5 5 6 5 4 5 4 7 5 4 6 7 6 7 6 7 6 7 6 7 2 ,1 6 7 6 7 6 7 6 7 4 4 6 7 4 6 7 6 7 6 7 6 7 2 1 6 7 6 7 6 7 6 7 6 7 6 7 6 3 3 3 7 6 3 7 6 7 2 1 6 7 6 7 6 7 6 7 6 7 6 7 6 7 6 7 2 1 6 3 3 7 6 7 6 7 6 7 6 3 7 6 7 6 7 2 1 6 7 6 7 6 7 1 2 6 7 6 7 6 7 6 7 6 7 6 3 3 3 7 2 1 6 7 6 7 6 7 6 7 6 7 6 7 6 7 2 1 6 3 7 6 7 6 7 6 7 6 7 6 3 7 6 7 6 7 6 3 7 2 ,1 6 7 6 7 6 7 6 1 7 6 7 6 7 6 7 2 6 7 6 2 1 
BWP0202,,1 1 1 2 2 1 1 6 3 3 3 3 3 3 3 3 7 2 1 2 1 1 2 1 6 3 3 3 3 7 3 1 6 3 7 2 ,1 
JGM0934,,1 4 1 2 1 1 2 1 1 2 1 1 2 1 1 2 ,1 
BIH0745,,1 2 1 2 1 2 1 2 1 2 ,1 
AKC0924,,1 2 1 2 1 2 1 2 1 2 ,1 
JMC0925,,1 1 2 1 2 1 1 2 1 1 2 2 1 2 1 1 2 1 1 2 ,1 
RDT0424,,1 1 6 3 3 3 3 3 3 7 2 1 6 3 3 7 1 2 1 1 6 3 3 3 3 7 2 1 6 7 1 2 1 1 2 ,1 1 2 3 3 3 
CHG0146,,1 2 1 2 1 2 1 2 1 2 ,1 
KJM0887,,1 2 1 2 1 2 1 2 1 2 ,1 
TIW0299,,1 2 1 2 1 2 1 2 1 2 ,1 
BRS0734,1 5 5 5 5 5 5 5 5 5 5 5 5 5 5 5 5 5 5 5 5 5 5 5 5 5 5 5 5 5 5 5 5 5 5 5 5 5 5 5 5 5 5 5 5 5 5 5 5 5 5 5 5 5 5 5 5 5 5 6 3 3 3 4 3 4 3 3 3 3 7 4 4 6 4 3 3 3 3 3 7 4 4 4 4 4 2 ,1 6 3 3 3 3 3 3 3 3 3 3 3 3 3 3 3 3 3 3 3 3 3 7 6 3 3 3 3 3 3 7 2 1 6 7 3 3 6 7 3 3 3 3 3 3 3 3 3 3 3 3 3 3 3 3 6 3 3 3 3 3 7 2 1 2 1 2 1 6 3 3 3 3 3 3 3 3 3 3 3 3 3 3 3 7 3 6 3 3 3 3 3 3 7 6 3 3 3 7 2 1 6 3 3 3 3 3 3 3 3 3 3 3 3 3 3 3 3 3 3 3 3 3 3 7 3 3 3 3 3 2 ,1 6 3 3 3 3 3 7 3 3 3 3 3 3 3 3 3 3 3 3 3 3 3 3 3 3 3 3 3 3 3 3 3 3 3 3 3 3 3 
RDM0115,,1 4 4 4 4 4 2 1 2 1 2 1 2 1 2 ,1 
CSP0197,,1 1 2 1 2 1 1 2 1 1 2 1 1 2 1 1 2 ,1 
MES0407,,1 4 4 2 1 2 1 2 1 2 1 2 ,1 
WGS0516,,1 2 1 2 1 2 1 2 1 2 ,1 
NMG0766,,1 2 1 2 1 2 1 2 1 2 ,1 
LAF0991,,1 2 1 1 2 1 2 1 1 2 1 1 2 ,1 
LIM0674,,1 1 2 1 1 2 1 1 2 1 2 1 6 3 7 6 3 3 7 1 2 1 1 2 ,1 1 2 
CEL0561,,1 1 2 1 1 2 1 2 1 1 2 1 1 2 ,1 1 
MTB0620,,1 6 7 6 7 6 7 2 1 6 3 3 3 7 1 6 3 3 3 3 7 2 1 6 3 7 6 7 6 3 3 7 2 1 6 3 3 3 3 7 6 3 7 1 6 3 7 6 3 7 2 1 6 7 3 6 3 7 6 3 3 3 7 1 2 ,1 3 3 3 3 3 3 3 3 3 3 3 3 3 3 
EZH0736,,1 2 1 2 1 2 1 2 1 2 ,1 
JBM0350,,1 2 1 2 1 2 1 2 1 2 ,1 
CJK0200,,1 2 1 2 1 2 1 2 1 2 ,1 
HJB0742,,1 1 2 1 1 2 1 2 1 1 2 1 1 2 ,1 1 
OLF0504,,1 2 1 2 1 2 1 2 1 2 ,1 
AKR0057,,1 6 3 7 1 6 7 6 7 2 1 1 2 1 6 7 2 1 6 7 3 1 6 7 6 7 6 3 3 2 1 1 6 7 6 3 3 3 3 7 3 2 ,1 
SLB0049,,1 2 1 2 1 2 1 2 1 2 ,1 
EPW0434,,1 2 1 2 1 2 1 2 1 2 ,1 
PKB0281,,1 2 1 2 1 2 1 2 1 2 ,1 
SNS0129,,1 2 1 2 1 2 1 2 1 2 ,1 
KBG0549,,1 1 2 1 1 2 1 1 2 2 1 6 3 7 1 2 1 1 2 ,1 1 3 3 3 3 
KJG0910,,1 2 1 2 1 2 1 2 1 2 ,1 
ADF0397,,1 2 1 2 1 2 1 2 1 2 ,1 
BAM0611,,1 2 1 1 2 1 2 1 1 2 1 1 2 ,1 
SPA0141,,1 1 2 1 1 2 1 2 1 1 2 1 1 2 ,1 1 
TDS0984,,1 1 4 4 6 3 3 4 3 3 3 3 3 3 3 3 3 3 3 3 3 3 3 3 3 3 3 3 7 4 4 4 4 4 4 2 1 1 2 1 2 1 1 2 1 1 2 1 1 2 6 7 3 3 3 3 1 6 3 3 3 3 3 3 3 3 3 3 3 3 3 3 3 3 3 7 2 ,1 1 2 1 1 3 3 3 3 3 3 3 3 3 3 3 3 3 3 3 3 3 3 3 3 3 3 3 3 3 3 3 3 3 3 3 3 3 3 3 3 3 3 3 3 3 3 3 3 
WBC0192,,1 4 6 7 1 6 7 2 1 1 2 1 2 1 1 2 1 1 2 ,1 6 7 1 3 
CTR0697,,1 1 2 1 1 2 1 2 1 1 2 1 1 2 ,1 
AIS0405,,1 2 1 2 1 2 1 2 1 2 ,1 
MCD0125,,1 1 4 4 4 4 4 4 4 4 4 2 1 1 2 1 1 2 2 1 1 2 1 1 6 3 3 3 3 3 3 7 3 3 2 1 1 2 ,1 1 6 3 3 3 3 3 3 7 2 1 3 3 3 3 3 1 
SSH0799,,1 1 2 1 1 2 1 1 2 2 1 1 2 1 1 2 ,1 1 2 1 
DKB0631,,1 2 1 2 1 2 1 2 1 2 ,1 
BCR0581,,1 1 2 1 1 2 1 1 2 2 1 1 2 1 1 2 ,1 1 2 
CXC0336,,1 2 1 2 1 2 1 2 1 2 ,1 
IBS0836,,1 6 3 7 1 6 3 3 3 7 2 1 1 2 1 1 2 1 6 3 3 3 3 3 3 7 1 2 1 6 3 7 1 6 3 3 3 3 3 7 2 ,1 3 3 3 3 3 3 3 3 
RDM0150,,1 2 1 2 1 2 1 2 1 2 ,1 
CJF0802,,1 1 2 1 1 2 1 1 2 1 2 1 1 2 1 1 2 ,1 1 
LRR0148,1 1 5 5 5 5 5 5 5 2 5 5 5 5 5 5 5 5 4 4 4 4 4 5 5 4 4 4 4 4 4 4 4 5 5 5 5 5 5 5 5 5 5 5 5 5 5 5 5 5 5 5 5 5 5 5 5 5 1 6 3 7 6 7 6 7 4 2 ,1 6 3 7 1 6 3 7 6 3 3 3 3 7 2 1 2 1 6 3 7 6 3 3 3 7 1 6 3 7 2 1 1 6 7 2 1 6 7 1 6 1 2 7 2 ,1 1 3 3 3 3 3 3 3 3 3 3 3 
IJM0139,,1 2 1 2 1 2 1 2 1 2 ,1 
QNF0205,,1 2 1 2 1 2 1 2 1 2 ,1 
VSS0154,,1 6 3 3 3 3 7 2 1 6 3 7 6 3 7 6 7 3 3 3 2 1 6 7 6 7 2 1 6 3 7 2 1 6 7 6 7 2 ,1 3 3 
BTL0722,,1 4 2 1 2 1 2 1 2 1 2 ,1 
NMC0486,,1 2 1 2 1 2 1 2 1 2 ,1 
DZC0228,,1 2 1 2 1 2 1 2 1 2 ,1 
KNW0644,,1 2 1 2 1 2 1 2 1 2 ,1 
WKF0012,,1 2 1 2 1 2 1 2 1 2 ,1 
AMJ0297,,1 2 1 2 1 2 1 2 1 2 ,1 
GJT0386,,1 2 1 2 1 2 1 2 1 2 ,1 
XRS0633,,1 1 2 1 1 2 1 2 1 1 2 1 1 2 ,1 
FEB0306,,1 1 6 3 3 3 3 3 3 3 7 2 1 1 2 1 6 3 3 3 3 3 3 3 3 3 3 7 2 1 1 6 7 2 1 6 7 1 6 3 3 7 6 7 2 ,1 3 
TDG0962,,1 1 2 1 1 2 1 1 2 2 1 1 2 1 1 2 ,1 
DMG0358,,1 2 1 2 1 1 2 1 2 1 2 1 1 2 1 2 1 2 1 2 1 2 1 1 2 1 2 1 2 1 2 1 1 2 1 2 1 1 2 1 2 ,1 2 1 2 1 1 
DMM0623,,1 1 2 1 1 2 1 1 2 1 1 2 1 1 2 ,1 
KKS0119,,1 1 2 1 1 2 1 2 1 1 2 1 1 2 ,1 1 
SJW0451,,1 2 1 2 1 2 1 2 1 2 ,1 
BJH0354,,1 2 1 2 1 2 1 2 1 2 ,1 
FDE0117,,1 2 1 2 1 2 1 2 1 2 ,1 
BAM0636,,1 2 1 2 1 2 1 2 1 2 ,1 
ELH0960,,1 2 1 2 1 2 1 2 1 2 ,1 
MAW0166,,1 2 1 2 1 2 1 2 1 2 ,1 
CSH0626,,1 2 1 1 2 1 2 1 2 1 1 2 1 1 2 ,1 
KVS0425,,1 2 1 2 1 2 1 2 1 2 ,1 
LTS0860,,1 4 4 4 2 1 2 1 2 1 2 1 2 ,1 
RNF0765,,1 2 1 2 1 2 1 2 1 2 ,1 
DCC0160,,1 2 1 2 1 2 1 2 1 2 ,1 
GCL0016,,1 1 2 1 1 2 1 2 1 1 6 7 2 1 1 2 ,1 
AWM0764,,1 2 1 2 1 2 1 2 1 2 ,1 
ELT0769,,1 2 1 2 1 2 1 2 1 2 ,1 
DSM0591,,1 2 1 2 1 2 1 2 1 2 ,1 
CMW0783,,1 2 1 2 1 2 1 2 1 2 ,1 
SCP0130,,1 6 3 3 3 3 3 3 3 3 3 3 3 3 3 7 2 1 6 7 3 6 3 7 2 1 1 2 6 7 3 3 6 7 3 6 3 7 2 1 6 7 6 7 6 7 2 1 6 7 6 7 6 7 2 ,1 3 3 3 3 
CGB0637,,1 6 7 6 3 3 3 7 1 6 7 2 1 1 6 3 3 3 3 3 3 7 6 3 7 6 3 7 2 1 6 3 3 3 7 6 3 7 6 3 3 3 7 1 2 1 6 3 3 3 3 3 7 1 6 7 3 6 3 7 2 1 1 6 7 6 3 3 3 7 3 7 6 6 3 7 2 ,1 6 7 3 3 3 3 3 3 3 3 3 
GZC0735,,1 1 6 3 7 2 1 6 7 1 2 1 1 2 2 1 1 6 7 6 2 1 1 6 3 3 3 3 3 3 7 2 1 6 3 3 1 2 3 7 2 ,1 6 7 6 7 1 
DFH0188,,1 1 6 3 3 3 3 3 3 3 3 3 3 3 3 3 3 3 3 3 3 3 3 3 3 3 3 3 3 3 7 1 2 2 1 6 3 3 3 3 3 3 3 3 3 3 3 3 3 3 3 3 3 3 3 3 3 3 3 3 3 3 7 3 1 2 1 1 2 6 3 3 3 3 3 3 3 3 3 3 3 3 3 3 3 3 3 3 3 3 3 3 3 7 3 3 2 1 6 7 3 3 3 3 3 3 3 3 3 3 3 1 6 3 3 3 3 3 3 3 3 3 3 7 6 3 7 2 1 1 6 3 3 3 3 3 3 3 3 3 3 3 3 3 3 3 3 7 3 3 3 6 3 3 3 3 7 2 ,1 1 2 3 3 3 3 3 3 3 3 3 3 3 3 3 3 3 3 3 3 3 3 3 3 3 3 3 3 3 3 3 3 3 3 3 3 3 3 3 3 3 3 3 3 3 3 3 3 3 3 3 3 
DDM0579,,1 2 1 2 1 2 1 2 1 2 ,1 
PMC0328,,1 1 6 3 3 3 3 7 6 3 7 2 1 6 3 7 1 6 3 7 6 3 3 7 2 1 6 3 3 7 1 6 3 3 7 2 1 1 2 1 1 6 3 3 7 2 ,1 1 3 3 
NKH0979,,1 1 2 4 1 2 1 1 2 1 1 2 2 1 1 2 1 1 2 ,1 1 2 
MIB0904,,1 2 1 1 2 1 2 1 1 2 1 1 2 ,1 1 
IRM0931,1 5 5 5 5 5 5 5 5 5 5 5 5 5 1 5 2 5 5 5 5 5 5 5 5 5 5 5 4 5 5 5 5 5 5 5 5 4 5 5 5 5 5 5 1 4 4 4 4 4 4 4 2 ,1 1 4 4 4 4 4 4 4 6 3 3 3 3 7 4 4 2 1 4 6 3 3 3 7 1 2 2 1 6 3 3 3 3 3 3 7 1 2 1 6 3 3 3 3 3 7 1 6 3 7 2 1 1 6 3 3 7 1 2 2 1 2 1 1 2 1 6 3 3 3 3 3 3 3 3 3 7 1 2 ,1 1 2 2 1 2 1 1 3 3 3 3 3 3 3 3 3 3 
UJC0737,,1 2 1 2 1 2 1 2 1 2 ,1 
HSD0457,,1 2 1 2 1 2 1 2 1 2 ,1 
QNP0216,,1 2 1 4 1 2 2 1 2 1 2 1 2 1 2 1 2 1 2 1 2 1 2 1 2 1 2 1 2 1 2 1 1 2 2 ,1 2 1 
ESA0642,,1 2 1 2 1 2 1 2 1 2 ,1 
WSR0241,,1 2 1 2 1 1 2 1 2 2 1 2 1 2 ,1 
RHC0335,,1 2 1 2 1 2 1 2 1 2 ,1 
GCR0554,,1 2 1 2 1 2 1 2 1 2 ,1 
LDG0459,,1 6 7 6 3 3 3 7 1 2 2 1 1 2 1 1 1 2 2 1 1 2 1 1 2 ,1 3 3 3 3 3 3 
DTT0076,,1 4 2 1 2 1 2 1 2 1 2 ,1 
IJR0825,,1 2 1 2 1 2 1 2 1 2 ,1 
DJS0682,,1 2 1 2 1 2 1 2 1 2 ,1 
ZSK0258,,1 2 1 2 1 2 1 2 1 2 ,1 
KES0729,,1 1 2 1 1 2 1 2 1 1 2 1 1 2 ,1 
DIC0988,,1 2 1 2 1 2 1 2 1 2 ,1 
CJP0952,,1 2 1 1 2 1 1 2 1 1 2 1 1 2 ,1 
BEH0615,,1 4 2 1 6 3 7 1 2 1 2 1 1 2 1 1 6 7 2 ,1 6 7 
ORB0473,,1 2 1 2 1 2 1 2 1 2 ,1 
DHM0937,,1 2 1 2 1 2 1 2 1 2 ,1 
DRR0162,,1 4 4 4 4 4 4 4 6 3 7 6 3 3 3 7 6 7 3 2 1 6 7 6 7 6 7 6 3 7 2 1 6 7 6 7 6 7 2 1 6 3 3 3 3 7 2 1 6 7 6 7 2 ,1 6 7 3 3 3 
DBW0483,,1 2 1 2 1 2 1 2 1 2 ,1 
CTW0500,,1 2 1 2 1 2 1 2 1 2 ,1 
SSR0278,,1 2 1 2 1 2 1 2 1 2 ,1 
JBD0616,,1 6 7 6 3 7 6 3 7 6 7 6 3 7 6 7 1 6 7 6 3 7 6 3 7 2 1 1 6 7 6 7 6 7 6 7 6 7 6 7 6 7 6 7 2 1 6 3 7 6 7 6 3 7 6 7 6 3 6 7 6 7 6 3 3 7 6 7 2 1 6 7 6 3 7 6 7 6 3 7 6 7 6 7 1 6 3 7 6 7 6 7 2 1 6 7 6 3 7 6 3 7 6 7 1 6 7 6 3 7 7 6 6 7 6 3 7 2 ,1 1 3 3 3 
KAL0395,,1 2 1 2 1 2 1 2 1 2 ,1 
ARD0509,,1 2 1 2 1 2 1 2 1 2 ,1 
CAN0842,,1 2 1 2 1 2 1 2 1 2 ,1 
ABC0253,,1 1 2 1 1 2 1 1 2 1 1 2 1 1 2 ,1 
YJF0532,,1 1 2 1 1 2 1 1 2 1 2 1 1 2 1 1 2 ,1 1 2 
SAB0781,,1 1 2 1 1 6 3 3 3 3 3 3 3 7 3 2 1 1 6 3 3 3 3 3 3 3 3 3 3 3 3 7 2 1 6 3 3 3 3 3 7 1 2 1 1 6 3 3 3 3 3 3 3 3 3 3 3 3 3 7 2 ,1 6 3 3 3 3 3 3 3 3 3 3 3 3 
CHM0821,,1 6 3 3 3 3 3 3 3 7 1 2 1 6 3 3 3 3 3 3 3 7 1 2 1 1 2 6 3 3 3 3 7 2 1 1 2 1 1 2 ,1 3 3 3 3 
KPR0497,,1 1 2 1 2 1 1 2 1 1 1 2 2 1 1 2 1 1 2 ,1 1 2 
CGA0629,,1 2 1 2 1 2 1 2 1 2 ,1 
OBH0499,,1 4 4 4 4 4 4 4 4 4 4 4 4 4 4 4 6 3 7 6 7 6 7 1 6 7 6 7 6 7 6 7 6 3 7 2 1 6 7 6 7 6 7 6 7 6 7 1 6 7 6 7 6 7 6 7 2 1 6 7 6 7 6 7 6 7 1 6 7 6 3 3 3 7 6 7 6 7 2 1 6 7 2 1 6 7 6 7 6 7 6 7 6 3 7 1 6 7 6 7 6 7 2 1 6 7 6 3 7 6 3 3 7 3 6 3 7 1 6 7 3 6 3 3 7 6 7 6 7 6 3 7 2 1 6 7 6 7 6 7 6 7 6 7 1 2 6 7 6 7 2 1 6 7 6 7 6 7 6 7 6 7 1 6 7 6 7 6 7 6 7 2 ,1 6 3 7 6 7 1 6 7 6 3 7 6 7 6 3 7 6 3 7 2 1 1 2 6 7 
GCS0571,,1 1 2 1 1 6 7 6 3 3 3 3 7 3 2 1 6 3 3 3 3 3 3 3 3 7 2 1 1 2 1 6 3 3 3 7 1 6 3 3 7 2 ,1 
MAH0864,,1 4 2 1 2 1 2 1 2 1 2 ,1 
MDH0686,,1 4 4 4 4 4 4 4 4 4 2 1 1 2 1 1 1 2 2 1 1 2 1 1 2 1 2 ,1 1 2 1 1 
DJB0159,,1 4 4 4 4 4 4 4 4 4 4 4 4 1 2 1 1 2 1 1 2 1 1 2 1 1 2 ,1 
CCH0685,,1 1 2 1 1 2 1 2 1 1 2 1 1 2 ,1 1 
JOL0024,,1 4 2 1 2 1 2 1 2 1 2 ,1 
MMG0943,,1 2 1 2 1 2 1 2 1 2 ,1 
CRK0916,,1 2 1 1 2 1 2 1 1 2 1 1 2 ,1 
JMH0543,,1 4 1 2 1 1 2 1 1 2 1 1 2 1 1 2 ,1 
KAT0489,,1 2 1 2 1 2 1 2 1 2 ,1 
BLB0114,,1 1 2 1 1 2 1 1 2 2 1 1 2 1 1 2 ,1 1 
KPP0452,,1 2 1 2 1 2 1 2 1 2 ,1 
CEJ0109,,1 6 3 3 3 7 2 1 6 3 7 2 1 6 3 7 6 7 2 1 6 3 3 3 3 3 7 2 1 6 7 6 7 2 ,1 3 3 3 3 3 3 3 
AAL0706,,1 2 1 2 1 2 1 2 1 2 ,1 
NBH0256,,1 2 1 2 1 2 1 2 1 2 ,1 
THD0448,,1 2 1 2 1 2 1 2 1 2 ,1 
BER0314,,1 2 1 2 1 2 1 2 1 2 ,1 
EGK0893,,1 2 1 2 1 2 1 2 1 2 ,1 
NAR0981,,1 2 1 2 1 2 1 2 1 2 ,1 
NGO0690,,1 2 1 1 2 1 1 2 1 1 2 1 1 2 ,1 
ANT0430,,1 1 2 1 1 2 1 2 1 1 2 1 1 2 ,1 
KBP0008,,1 4 4 4 1 1 2 2 1 1 2 1 1 2 2 1 1 2 1 1 2 ,1 
SGG0787,,1 1 2 1 1 2 1 2 1 1 2 1 1 2 ,1 1 
EAH0466,,1 6 3 3 3 3 3 3 3 3 3 3 3 3 3 3 3 3 3 3 3 3 3 3 3 3 7 3 2 1 1 2 1 6 3 3 3 3 3 3 3 3 3 3 3 3 3 3 3 3 3 3 3 3 3 3 3 3 3 3 7 3 2 1 1 6 3 3 3 3 3 3 3 3 3 7 3 6 3 3 3 3 3 3 3 3 3 3 3 3 3 3 3 7 2 1 1 6 3 3 3 3 3 3 3 3 3 3 3 3 3 3 3 3 3 3 3 3 3 3 3 3 3 3 7 2 ,1 1 2 
SBQ0786,,1 2 1 2 1 2 1 2 1 2 ,1 
DPM0423,,1 1 2 6 3 3 3 3 7 6 3 3 7 2 1 6 3 3 3 7 6 3 7 6 3 7 6 3 7 6 3 7 2 1 6 3 7 6 3 7 6 3 7 1 2 6 3 7 2 1 6 3 7 6 3 7 6 3 3 7 6 3 7 2 1 6 7 6 7 6 7 2 ,1 6 3 3 3 3 3 3 3 3 
MMB0488,,1 2 1 2 1 2 1 2 1 2 ,1 
YCE0983,,1 4 2 1 2 1 2 1 2 1 2 ,1 
CRD0624,,1 2 1 2 1 2 1 2 1 2 1 2 ,1 
CCH0182,,1 4 2 1 2 1 2 1 2 1 2 ,1 
TJG0582,,1 2 1 2 1 2 1 2 1 2 ,1 
KQS0415,,1 2 1 2 1 2 1 2 1 2 ,1 
ARB0834,,1 2 1 2 1 2 1 2 1 2 ,1 
AIP0394,,1 1 2 1 1 2 1 2 1 1 2 1 1 2 ,1 
EMW0772,,1 2 1 2 1 2 1 2 1 2 ,1 
LFS0071,,1 2 1 2 1 2 1 2 1 2 ,1 
HCL0651,,1 6 3 3 3 3 3 7 1 6 3 7 2 1 1 6 7 6 7 6 7 2 1 6 3 7 6 3 3 7 3 6 3 7 2 1 1 6 7 6 3 7 2 1 1 6 3 7 2 ,1 3 
JZD0888,,1 2 1 2 1 2 1 2 1 2 ,1 
HDH0928,,1 6 3 7 6 3 3 3 3 3 7 2 1 6 7 6 3 7 2 1 6 7 6 3 3 3 7 6 7 2 1 6 3 7 6 7 3 3 3 3 2 1 6 3 3 3 3 3 7 2 ,1 3 3 3 3 3 
BAK0964,,1 2 1 2 1 2 1 2 1 2 ,1 
EIP0997,,1 2 1 2 1 2 1 2 1 2 ,1 
GLR0975,,1 1 2 1 1 2 1 2 1 1 2 1 1 2 ,1 
JKF0465,1 5 5 5 5 5 5 4 2 ,1 2 1 2 1 2 1 2 1 2 ,1 
CIM0926,,1 2 1 2 1 2 1 2 1 2 ,1 
NCE0097,,1 2 1 2 1 2 1 2 1 2 ,1 
NRO0768,,1 2 1 2 1 2 1 2 1 2 ,1 
SMY0792,,1 6 3 3 7 6 3 7 6 3 3 7 2 1 1 2 1 6 3 7 1 2 6 3 7 1 2 2 1 6 3 3 3 3 7 6 3 7 1 2 1 1 2 ,1 1 2 3 3 3 3 3 3 3 3 3 3 3 
RLG0856,,1 1 6 7 6 3 7 2 1 1 2 1 1 2 1 6 7 1 2 1 6 7 6 7 1 6 3 7 2 ,1 3 
WAB0143,,1 2 1 2 1 2 1 2 1 2 ,1 
LQC0479,,1 2 1 2 1 2 1 2 1 2 ,1 
CAA0612,,1 1 6 3 3 3 3 3 3 3 3 7 2 1 6 3 3 3 3 7 1 2 1 2 1 6 3 3 7 1 2 1 1 6 3 3 3 3 3 7 2 ,1 1 3 3 3 3 3 3 3 
KQC0708,,1 2 1 2 1 2 1 2 1 2 ,1 
BVN0514,,1 2 1 2 1 2 1 2 1 2 ,1 
POB0343,,1 4 2 1 2 1 2 1 2 1 2 ,1 
OLB0749,,1 2 1 2 1 2 1 2 1 2 ,1 
BBH0810,,1 2 1 2 1 2 1 2 1 2 ,1 
BMC0547,,1 2 1 2 1 2 1 2 1 2 ,1 
DGW0752,,1 2 1 1 2 1 1 2 1 1 2 1 1 2 ,1 
DRR0242,,1 4 4 4 4 4 4 4 4 4 2 1 2 1 2 1 2 1 2 1 2 ,1 2 1 
KKW0879,,1 6 3 7 6 7 6 3 3 7 6 7 3 6 7 6 3 7 6 3 7 6 3 7 6 3 7 2 1 6 7 6 7 6 7 6 7 6 7 6 7 6 7 6 3 7 6 3 7 3 3 2 1 6 7 6 3 3 6 3 3 7 6 3 7 6 7 6 3 7 6 3 7 2 1 6 7 6 7 6 7 6 7 6 3 3 7 6 7 6 7 6 3 7 2 1 6 7 6 7 6 7 6 7 6 3 7 6 7 6 3 7 3 6 7 6 7 2 1 6 3 3 3 7 6 7 6 7 6 7 6 7 6 3 3 7 6 7 6 7 6 3 7 1 2 2 ,1 6 7 3 3 3 3 3 3 3 
HRL0540,,1 6 7 6 3 7 6 3 3 7 6 3 7 6 3 7 6 7 6 3 7 6 3 7 6 7 3 2 1 6 7 6 3 3 7 1 6 7 6 3 7 6 7 6 3 7 6 7 6 7 6 7 2 1 6 7 6 7 1 6 3 7 6 7 6 7 6 7 6 7 1 2 6 7 2 1 6 7 6 7 6 7 6 7 6 3 3 7 6 7 6 7 6 3 3 7 6 7 1 2 1 6 3 7 6 3 7 6 7 1 6 3 7 6 7 6 3 7 6 7 6 3 7 6 3 3 7 2 ,1 3 3 3 3 3 3 3 3 
LBC0356,,1 2 1 1 2 1 1 2 1 2 1 2 1 1 2 1 2 1 2 1 2 1 1 2 1 2 1 2 1 1 2 ,1 2 1 
ALH0402,,1 2 1 2 1 2 1 2 1 2 ,1 
CLH0703,,1 2 1 2 1 2 1 2 1 2 ,1 
LHN0151,,1 2 1 2 1 2 1 2 1 2 ,1 
ZJS0269,,1 2 1 2 1 2 1 2 1 2 ,1 
DCH0843,,1 2 1 2 1 2 1 2 1 2 ,1 
AMW0392,1 5 5 5 5 5 5 5 5 5 5 5 5 5 5 5 5 5 4 5 5 5 1 4 4 4 4 4 4 4 2 ,1 1 4 4 4 4 4 4 4 4 2 1 2 1 1 2 1 1 2 1 2 1 1 2 ,1 1 2 1 1 
HAH0760,,1 6 3 7 6 7 3 1 6 3 3 3 3 7 6 3 7 2 1 6 3 3 3 7 3 1 2 1 6 3 3 3 3 7 6 7 6 2 1 6 3 3 3 3 3 7 3 1 6 3 3 7 2 1 1 6 3 3 3 3 3 7 2 ,1 3 3 3 3 3 3 3 3 3 
CKD0680,,1 2 1 2 1 2 1 2 1 2 ,1 
NNA0610,,1 2 1 2 1 2 1 2 1 2 ,1 
GHH0288,,1 6 3 3 3 3 3 7 6 3 7 2 1 6 3 3 3 3 3 3 3 3 3 7 6 3 3 7 2 1 1 2 6 3 7 6 3 7 6 3 3 3 3 3 7 2 1 2 1 6 7 2 ,1 6 3 7 1 2 6 3 3 3 3 3 3 3 3 3 3 
RAH0440,,1 2 1 2 1 2 1 2 1 2 ,1 
OCS0865,,1 6 3 3 7 6 3 7 6 3 7 2 1 1 2 1 1 6 3 3 7 2 1 6 3 1 6 3 3 3 7 6 3 3 7 6 7 2 1 1 6 3 3 3 7 6 7 2 ,1 3 3 
CSC0217,,1 2 1 1 2 2 1 2 1 2 1 2 1 2 1 2 1 2 1 2 1 2 1 1 2 2 1 1 2 2 1 1 2 2 1 1 2 2 1 2 1 1 2 2 ,1 2 1 
DOP0562,,1 2 1 2 1 2 1 2 1 2 ,1 
CGF0337,,1 2 1 2 1 2 1 2 1 2 ,1 
PIS0522,,1 1 2 1 1 2 1 1 2 1 1 2 1 1 2 ,1 1 2 
MNR0829,,1 2 1 2 1 2 1 2 1 2 ,1 
ONW0083,,1 2 1 2 1 2 1 2 1 2 ,1 
VFM0814,,1 1 2 1 1 6 3 7 6 7 2 1 1 2 2 1 1 2 1 1 6 7 2 ,1 
FIR0920,,1 1 2 2 1 2 1 1 2 2 1 2 1 2 ,1 
FWM0707,,1 2 1 2 1 2 1 2 1 2 ,1 
FTM0406,,1 2 1 2 1 2 1 2 1 2 ,1 
WVB0539,,1 2 1 2 1 2 1 2 1 2 ,1 
NGC0058,,1 4 4 4 4 4 4 4 4 4 2 1 2 1 1 2 6 7 2 1 2 1 6 3 3 7 3 2 1 2 ,1 2 1 
RAB0589,,1 1 2 2 1 1 2 1 1 2 2 1 1 2 1 1 2 ,1 1 2 
GTD0116,,1 2 1 2 1 2 1 2 1 2 ,1 
MJS0890,,1 2 1 2 1 2 1 2 1 2 ,1 
KSP0357,,1 2 1 2 1 2 1 2 1 2 1 2 1 2 1 2 1 2 1 2 1 2 1 2 1 2 1 2 1 2 1 2 1 1 2 2 1 2 1 2 1 2 ,1 2 1 2 1 
NNS0059,,1 2 1 2 1 2 1 2 1 2 ,1 
MBG0438,,1 2 1 2 1 2 1 2 1 2 ,1 
EHB0824,,1 2 1 2 1 2 1 2 1 2 ,1 
QCH0110,,1 2 1 2 1 2 1 2 1 2 ,1 
JRG0207,,1 4 2 1 2 1 2 1 2 1 2 ,1 
AJF0370,,1 6 7 3 2 1 6 3 3 3 7 3 3 2 1 6 3 3 3 3 3 3 3 3 3 7 6 3 3 7 6 3 7 1 6 3 3 7 6 3 3 7 6 3 7 6 3 3 7 6 3 7 3 6 3 3 7 2 1 6 7 2 1 6 3 3 3 3 3 3 3 3 7 2 1 6 3 3 3 7 6 7 6 7 6 3 3 3 7 6 3 7 1 6 3 3 3 7 3 2 6 3 3 3 7 1 6 3 7 6 7 6 3 3 3 3 3 7 2 1 2 1 6 3 7 3 3 2 1 6 7 2 1 6 3 3 3 3 7 2 1 6 7 3 6 3 3 3 3 3 3 3 3 7 6 3 7 3 6 3 7 6 3 3 7 6 3 7 6 3 3 7 6 3 3 2 1 6 7 3 3 3 3 2 1 6 7 2 1 6 1 7 2 6 3 3 3 3 3 7 2 1 6 7 2 1 6 7 2 1 6 7 2 1 6 3 3 3 3 3 3 7 6 3 3 3 7 6 3 3 3 3 7 6 7 1 6 3 7 3 6 7 3 6 3 3 3 3 7 6 3 3 3 7 2 1 2 1 2 1 1 1 6 7 3 3 2 6 3 3 3 3 3 7 6 7 3 6 3 7 3 6 3 3 3 7 6 3 7 6 3 3 3 7 3 6 3 3 7 6 3 3 3 3 3 3 7 6 7 2 1 6 7 2 1 6 7 6 3 3 3 3 3 7 6 3 7 6 3 3 7 6 3 3 3 3 3 3 7 6 3 3 7 6 3 3 7 6 3 3 7 6 3 3 7 2 ,1 6 7 3 3 3 3 3 3 3 3 3 2 1 6 7 6 3 3 7 6 3 3 3 3 3 3 3 3 3 3 3 3 3 1 3 3 3 3 3 3 3 3 3 3 3 3 3 3 3 3 3 3 3 3 3 3 3 3 3 3 3 3 3 3 3 3 3 3 3 3 
JCG0316,,1 1 6 3 2 3 7 6 3 3 3 3 3 3 7 3 2 1 1 6 3 3 3 7 3 3 3 3 6 3 3 7 2 1 6 3 7 6 3 3 3 3 3 7 6 3 3 7 6 7 2 1 6 3 3 3 3 3 3 3 7 1 2 1 1 2 ,1 6 3 3 3 1 2 3 3 3 3 3 3 3 3 3 3 3 
NOB0181,1 1 2 5 5 5 5 4 5 4 5 1 6 3 3 7 6 4 3 3 7 2 ,1 1 4 4 4 2 1 4 4 2 1 1 6 3 3 3 3 3 3 3 7 2 1 6 3 7 1 6 3 3 3 3 3 3 3 7 2 1 1 2 6 3 3 3 3 3 3 3 3 7 2 1 1 6 3 3 3 3 3 3 3 7 2 1 1 6 3 6 3 3 3 3 7 2 ,1 6 3 1 7 6 2 3 7 2 1 1 3 3 3 3 3 3 3 3 3 
JIM0095,,1 4 2 1 2 1 2 1 2 1 2 ,1 
CEB0210,,1 2 1 2 1 2 1 2 1 2 ,1 
SOG0411,,1 2 1 2 1 2 1 2 1 2 ,1 
TDJ0998,,1 1 2 1 1 2 1 2 1 1 2 1 1 2 ,1 
MOP0763,,1 2 1 2 1 2 1 2 1 2 ,1 
JMB0308,,1 4 4 4 2 1 2 1 2 1 2 1 2 ,1 
DBG0261,,1 2 1 2 1 2 1 2 1 2 ,1 
AJL0462,,1 1 2 1 1 2 1 2 1 2 1 1 2 1 1 2 ,1 
PEV0323,,1 1 2 1 1 2 1 1 2 1 2 1 1 2 1 1 2 ,1 1 2 
BJH0811,,1 2 1 2 1 2 1 2 1 2 ,1 
RJM0381,,1 2 1 2 1 2 1 2 1 2 ,1 
TEM0093,,1 2 1 2 1 2 1 2 1 2 ,1 
TLH0648,,1 2 1 2 1 2 1 2 1 2 ,1 
JGT0221,,1 2 1 2 1 2 1 1 2 2 1 2 1 2 1 2 1 2 1 2 1 2 1 2 1 2 1 2 1 2 1 2 1 1 2 2 1 2 1 1 2 1 2 2 1 2 ,1 2 1 
CNB0900,,1 2 1 2 1 2 1 2 1 2 ,1 
MNS0224,,1 2 1 2 1 2 1 2 1 2 1 2 1 2 1 2 1 2 1 2 1 2 1 2 1 2 1 2 1 1 2 2 1 2 1 2 ,1 
HAC0282,,1 2 1 2 1 2 1 2 1 2 ,1 
SIJ0661,,1 2 1 2 1 2 1 2 1 2 ,1 
AJH0175,,1 2 1 2 1 2 1 2 1 2 1 2 ,1 
RGG0064,,1 1 2 1 1 2 1 2 1 1 2 1 1 2 ,1 1 
HJA0018,,1 2 1 1 2 1 2 1 1 2 1 1 2 ,1 
MKS0204,,1 4 2 1 2 1 2 1 2 1 2 ,1 
HCM0267,,1 6 7 6 3 3 7 6 3 3 3 3 3 7 6 3 3 3 3 3 3 3 3 3 3 7 6 3 3 3 7 6 7 3 6 3 7 3 6 3 7 3 6 7 3 2 1 6 3 3 3 7 6 3 3 3 3 3 3 3 3 3 3 3 3 3 7 6 3 7 6 7 6 7 6 3 3 3 3 7 6 3 3 3 7 6 7 6 3 3 3 7 2 1 6 3 7 6 3 3 7 6 3 3 3 3 7 6 3 3 3 7 6 7 6 3 3 3 3 3 3 3 3 3 3 3 3 3 7 6 3 7 3 6 7 3 3 2 1 6 3 3 3 7 6 3 3 7 6 3 3 3 7 6 3 3 7 6 3 3 3 3 3 3 3 3 3 7 6 7 6 3 3 3 7 6 3 7 2 1 6 3 7 6 3 3 7 6 3 7 3 6 3 7 6 7 3 6 3 7 3 6 3 3 3 3 3 3 3 3 3 3 3 7 3 3 3 3 6 3 3 7 3 6 7 2 ,1 6 3 3 3 7 6 3 7 3 3 3 3 3 3 3 3 3 3 3 3 3 3 3 3 3 3 3 3 3 3 3 3 3 3 3 3 3 3 3 3 3 3 3 
EMW0105,,1 2 1 2 1 2 1 2 1 2 ,1 
SDO0170,,1 1 2 1 1 2 1 2 1 1 2 1 1 2 ,1 
CAB0614,,1 6 7 6 7 1 2 1 6 3 3 7 6 7 6 3 3 3 3 3 7 1 2 1 6 3 3 3 7 1 6 3 3 7 2 1 1 2 1 1 6 3 7 3 2 ,1 
ARB0881,,1 2 1 2 1 2 1 2 1 2 ,1 
HSG0818,,1 1 2 1 1 2 1 2 1 1 2 1 1 2 ,1 
JKM0303,,1 2 1 2 1 2 1 2 1 2 ,1 
MAD0496,,1 4 4 4 4 4 4 4 4 4 4 4 4 4 4 4 2 1 2 1 2 1 2 1 2 1 2 1 2 ,1 2 1 
MLM0950,,1 4 1 6 3 3 3 3 3 3 3 3 3 7 3 6 3 7 3 2 1 1 2 1 1 2 6 3 3 7 6 3 3 3 7 3 2 1 6 3 3 7 6 3 3 3 3 7 1 2 1 6 3 3 3 3 3 3 7 1 6 3 3 3 3 7 2 1 6 3 3 3 3 3 3 3 7 1 1 2 2 1 6 3 3 7 2 1 6 3 7 1 6 3 7 6 3 3 3 3 7 6 3 7 6 7 3 2 ,1 1 6 3 7 6 3 7 6 3 3 3 3 3 7 2 1 1 2 6 7 6 3 7 3 3 3 3 3 3 3 3 3 3 3 3 3 3 
RJB0088,,1 4 4 4 4 2 1 2 1 2 1 2 1 2 ,1 
AAN0823,,1 2 1 2 1 2 1 2 1 2 ,1 
SJF0094,,1 2 1 2 1 2 1 2 1 2 ,1 
FSB0399,,1 2 1 2 1 2 1 2 1 2 ,1 
AMH0464,,1 2 1 2 1 2 1 2 1 2 ,1 
JCR0921,,1 2 1 2 1 2 1 2 1 2 ,1 
NMB0972,,1 4 2 1 2 1 2 1 2 1 2 ,1 
ALB0892,1 5 5 5 5 5 5 4 4 4 2 ,1 4 4 4 2 1 2 1 2 1 2 1 2 1 2 ,1 2 1 
KBB0189,,1 2 1 2 1 2 1 2 1 2 ,1 
HVF0067,,1 6 7 1 6 7 6 3 3 3 7 6 3 7 2 1 6 3 3 3 3 3 3 3 3 7 1 2 1 6 3 3 3 7 6 3 3 3 7 2 1 1 6 3 3 3 3 3 3 7 3 2 1 1 6 3 3 7 6 3 3 3 7 2 ,1 1 2 1 3 3 3 3 3 3 3 3 3 3 3 3 3 3 3 
AKK0329,,1 2 1 2 1 2 1 2 1 2 ,1 
NAF0033,,1 2 1 2 1 2 1 2 1 2 ,1 
VEB0935,,1 2 1 2 1 2 1 2 1 2 ,1 
HPR0585,,1 2 1 1 2 1 2 1 1 2 1 1 2 ,1 
EBC0390,,1 4 4 4 2 1 2 1 2 1 2 1 2 ,1 
PKB0429,,1 2 1 2 1 2 1 2 1 2 ,1 
VMJ0546,,1 1 6 3 3 3 3 3 3 3 3 3 3 7 2 1 6 3 3 7 1 6 3 3 3 3 3 3 7 2 1 6 3 7 6 3 3 3 3 7 6 7 3 2 1 6 3 3 7 1 6 3 3 3 7 6 3 7 2 1 1 6 3 3 3 7 6 3 3 3 3 3 3 3 3 3 7 3 2 ,1 3 3 3 3 3 3 3 3 1 3 3 3 3 3 3 3 3 
CAC0889,,1 2 1 2 1 2 1 2 1 2 ,1 
NMS0280,,1 4 4 6 3 3 3 3 3 3 7 3 3 3 3 2 1 6 3 3 3 7 2 1 6 3 3 3 3 7 6 7 2 1 2 1 6 7 2 1 2 1 2 ,1 2 1 
CBB0365,,1 2 1 1 2 1 2 1 2 1 2 1 2 1 1 1 2 2 1 2 1 2 1 2 1 2 1 2 1 1 2 1 2 1 1 2 1 2 1 2 ,1 2 1 1 2 
HRD0635,,1 2 1 1 2 1 1 2 1 2 1 2 1 1 2 1 1 2 ,1 1 2 
LHL0309,,1 2 1 2 1 2 1 2 1 2 ,1 
HWH0646,,1 2 1 1 2 1 2 1 1 2 1 1 2 ,1 1 
AAV0450,,1 2 1 2 1 2 1 2 1 2 ,1 
TNM0961,,1 2 1 6 7 1 6 7 2 1 6 7 2 1 6 7 6 7 1 2 1 1 6 3 3 7 6 3 7 2 ,1 1 2 6 3 7 6 3 7 3 3 3 
ELB0847,,1 2 1 2 1 2 1 2 1 2 ,1 
ILC0838,,1 2 1 2 1 2 1 2 1 2 ,1 
JAM0382,,1 2 1 2 1 2 1 2 1 2 ,1 
CCM0855,,1 2 1 2 1 2 1 2 1 2 ,1 
AOB0019,,1 2 1 2 1 2 1 2 1 2 ,1 
PNL0301,,1 6 7 6 7 2 1 6 7 6 7 6 7 2 1 6 6 7 2 1 6 3 7 6 3 7 6 3 3 3 7 2 1 6 3 7 6 3 7 6 7 3 2 ,1 6 
GDF0704,,1 1 2 1 1 2 1 1 2 1 1 2 1 1 2 ,1 
CBG0490,,1 2 1 2 1 2 1 2 1 2 ,1 
BLL0929,,1 4 4 2 1 2 1 2 1 2 1 2 ,1 
SOB0586,,1 2 1 2 1 2 1 2 1 2 ,1 
COM0321,,1 4 4 4 2 1 2 1 2 1 2 1 2 ,1 
PGC0066,,1 2 1 2 1 2 1 2 1 2 ,1 
FXF0957,,1 2 1 2 1 2 1 2 1 2 ,1 
WPE0538,,1 2 1 2 1 2 1 2 1 2 ,1 
SEJ0677,,1 2 1 2 1 2 1 2 1 2 ,1 
IDO0176,,1 2 1 2 1 2 1 2 1 2 ,1 
FRR0832,,1 2 1 2 1 2 1 2 1 2 ,1 
BSH0445,,1 2 1 2 1 2 1 2 1 2 ,1 
IEB0153,,1 2 1 2 1 2 1 2 1 2 1 2 ,1 
MBR0724,,1 2 1 2 1 2 1 2 1 2 ,1 
SOF0808,,1 2 1 2 1 2 1 2 1 2 ,1 
PLH0862,,1 4 4 4 2 1 2 1 2 1 2 1 2 ,1 
NJB0243,,1 2 1 2 1 2 1 2 1 2 ,1 1 2 
SDF0017,,1 2 1 2 1 2 1 2 1 2 ,1 
JOM0750,,1 2 1 2 1 2 1 2 1 2 ,1 
HFB0347,,1 2 1 2 1 6 3 3 3 3 3 3 3 3 3 3 3 3 3 3 3 3 3 3 3 3 3 3 3 3 3 3 3 7 2 1 6 3 3 3 3 3 3 3 3 3 3 3 3 3 3 3 3 3 3 3 3 7 3 3 2 1 2 ,1 3 3 3 3 3 3 3 3 3 3 3 3 3 3 3 3 3 3 3 3 3 3 
ABH0663,,1 2 1 2 1 2 1 2 1 2 ,1 
TMA0069,,1 2 1 2 1 2 1 2 1 2 ,1 
RGH0728,,1 2 1 2 1 2 1 2 1 2 ,1 
AKH0758,,1 2 1 2 1 2 1 2 1 2 ,1 
RSM0277,,1 1 2 1 2 1 6 7 1 6 7 2 1 1 2 1 2 1 1 6 7 6 7 2 1 1 6 7 2 ,1 1 2 
LHB0606,,1 2 1 2 1 2 1 2 1 2 ,1 
HKB0418,,1 4 4 2 1 2 1 2 1 2 1 2 ,1 
ZDW0859,,1 2 1 1 2 1 2 1 1 2 1 1 2 ,1 
JCR0289,,1 2 1 2 1 2 1 2 1 2 ,1 
TRK0914,,1 2 1 2 1 2 1 2 1 2 ,1 
SOB0360,,1 2 1 2 1 2 1 2 1 2 1 2 1 2 1 2 1 2 1 2 1 2 1 2 1 1 2 2 1 2 1 2 1 2 1 2 ,1 2 1 2 1 
BCM0653,,1 2 1 2 1 2 1 2 1 2 ,1 
PDW0259,,1 1 2 1 1 2 1 1 2 1 1 2 1 1 2 ,1 
DAR0885,1 5 5 5 5 5 4 4 4 2 ,1 4 4 4 2 1 2 1 2 1 2 1 2 1 1 2 1 2 2 1 2 1 2 1 2 ,1 1 2 2 1 2 1 
CLD0894,,1 2 1 2 1 2 1 2 1 2 ,1 
NMF0780,,1 2 1 2 1 2 1 2 1 2 ,1 
RZC0746,1 5 5 5 5 5 5 5 5 5 5 5 5 5 5 5 5 5 5 5 5 5 5 5 5 5 5 5 5 5 5 5 5 5 5 5 5 5 5 5 5 5 5 5 5 5 1 2 ,1 4 4 4 1 4 4 4 4 4 4 4 4 4 4 4 4 2 1 1 2 2 1 1 2 1 1 2 1 2 1 1 2 1 1 2 ,1 2 1 1 
MKW0441,,1 6 7 6 7 1 6 7 2 1 6 7 1 6 7 2 1 6 7 6 3 7 2 1 6 7 6 7 1 2 1 6 7 1 2 ,1 3 3 3 3 
EHB0420,,1 4 4 4 4 4 4 4 4 1 2 4 2 1 1 2 1 1 1 2 2 1 2 1 1 2 1 1 2 1 1 2 2 1 2 ,1 1 1 2 2 1 1 
ASG0692,,1 2 1 2 1 2 1 2 1 2 ,1 
MCS0035,,1 2 1 2 1 2 1 2 1 2 ,1 
JRL0574,,1 2 1 2 1 2 1 2 1 2 ,1 
AMM0014,,1 2 1 2 1 2 1 2 1 2 ,1 
NCO0666,,1 1 2 1 1 2 1 2 1 1 2 1 1 2 ,1 
USH0199,,1 6 3 3 3 3 7 2 1 2 1 6 7 3 3 3 2 1 2 1 2 ,1 
ESH0283,,1 2 1 2 1 1 2 2 1 2 1 6 3 3 3 3 3 7 6 3 3 3 3 3 3 3 3 7 6 3 3 3 3 3 3 3 3 3 3 7 3 3 2 ,1 
HAD0246,1 5 5 5 5 5 5 5 5 4 4 4 4 1 4 4 4 4 4 4 2 ,1 6 3 3 7 1 4 4 4 4 4 4 4 4 4 4 2 1 2 1 1 2 1 1 2 1 1 2 6 7 2 1 2 1 1 2 1 1 2 ,1 1 1 2 6 7 3 6 2 1 2 1 1 
PTH0552,,1 1 2 1 1 2 1 2 1 1 2 1 1 2 ,1 
LUR0896,,1 2 1 2 1 1 2 2 1 2 1 2 1 2 ,1 1 2 
FBA0348,,1 2 1 2 1 2 1 2 1 2 ,1 
CWR0502,,1 6 3 3 3 7 6 3 7 1 2 1 6 3 7 6 7 1 6 3 3 7 2 1 6 3 3 3 3 7 6 3 7 1 2 2 1 1 6 3 7 2 1 1 2 ,1 1 2 1 3 3 3 
MCF0327,,1 2 1 2 1 2 1 2 1 2 ,1 
HGH0595,,1 2 1 2 1 2 1 2 1 2 ,1 
XAA0104,,1 1 2 1 1 2 1 1 2 1 1 2 1 1 2 ,1 1 
NSC0597,,1 2 1 2 1 2 1 2 1 2 ,1 
TAP0551,,1 1 2 1 1 2 1 2 1 1 2 1 1 2 ,1 
AIH0675,,1 2 1 2 1 2 1 2 1 2 ,1 
EMB0531,,1 1 2 1 1 2 1 2 1 1 2 1 1 2 ,1 
TUC0632,,1 2 1 2 1 2 1 2 1 2 ,1 
MTT0901,,1 6 3 7 1 6 3 3 3 3 7 2 1 1 6 3 3 7 6 3 7 2 1 6 3 3 3 7 6 3 3 3 7 6 3 3 3 7 2 1 6 3 3 3 7 3 1 6 7 6 3 3 7 2 1 6 3 3 7 6 3 7 1 6 3 3 3 3 3 7 2 ,1 3 3 3 3 3 3 3 3 3 3 3 3 3 3 3 3 
UCS0227,,1 2 1 2 1 2 1 2 1 2 ,1 
AJR0932,,1 2 1 2 1 2 1 2 1 2 ,1 
AES0827,,1 2 1 2 1 2 1 2 1 2 ,1 
YJV0699,,1 2 1 2 1 2 1 2 1 2 ,1 
JFC0557,,1 6 3 3 3 3 3 3 7 1 6 3 7 6 3 3 7 2 1 6 3 7 1 6 3 3 7 2 1 6 7 3 6 3 3 7 6 3 7 3 6 3 7 3 2 1 6 3 7 6 7 6 3 3 7 1 6 3 3 7 6 3 3 3 3 3 7 2 1 1 6 3 3 7 6 3 7 6 3 3 3 7 6 7 3 2 ,1 3 3 3 3 3 3 3 3 3 3 3 3 
HKR0628,,1 1 2 1 1 2 1 1 2 2 1 1 2 1 1 2 ,1 1 2 
KRL0501,,1 6 7 6 7 2 1 6 3 7 6 7 3 6 3 3 3 7 2 1 6 3 3 3 3 7 3 2 1 6 3 3 3 3 7 6 3 7 2 1 6 3 3 7 6 3 3 7 6 7 2 ,1 3 
MSG0839,,1 2 1 2 1 2 1 2 1 2 ,1 
LDM0587,,1 2 1 2 1 2 1 2 1 2 ,1 
YEV0793,,1 2 1 2 1 2 1 2 1 2 ,1 
NAB0801,,1 2 1 2 1 2 1 2 1 2 ,1 
UCH0519,,1 2 1 2 1 2 1 2 1 2 ,1 
HLM0933,,1 2 1 2 1 2 1 2 1 2 ,1 
KMB0922,,1 6 3 3 3 3 7 6 3 7 1 6 3 3 7 2 1 1 6 3 3 3 3 7 2 1 1 2 1 2 2 1 6 3 3 3 3 3 3 3 3 7 3 2 1 1 6 7 2 1 1 2 ,1 3 3 
XLB0710,,1 2 1 2 1 2 1 2 1 2 ,1 
RKD0604,,1 4 4 4 4 2 1 2 1 2 1 2 1 2 ,1 
KNB0022,,1 4 2 1 2 1 2 1 2 1 2 ,1 
KRM0541,,1 2 1 2 1 2 1 2 1 2 ,1 
RRP0568,,1 2 1 6 3 3 3 3 3 3 3 3 3 3 7 1 2 1 6 3 3 7 2 1 6 3 3 3 3 3 3 7 1 2 1 1 6 3 3 3 3 7 2 ,1 1 1 2 3 3 3 3 3 3 3 
XWD0923,,1 6 3 3 3 3 3 3 3 3 3 3 3 3 3 3 3 3 3 3 3 3 3 3 3 3 3 3 3 7 2 1 6 3 3 3 3 3 7 1 6 3 3 3 3 3 3 3 3 3 3 3 3 3 7 3 6 3 3 3 3 3 7 6 3 3 3 7 2 1 6 3 3 3 3 3 3 3 3 3 3 3 3 3 3 3 3 3 3 3 3 3 3 3 3 7 3 2 1 6 3 3 3 3 3 3 7 6 3 3 3 3 3 3 3 3 3 7 1 2 1 1 6 3 3 3 3 3 3 3 3 3 3 3 3 3 3 3 3 3 3 3 3 3 3 3 3 3 3 3 7 2 ,1 3 3 3 3 3 3 3 3 3 3 3 3 3 3 3 3 3 3 3 3 3 3 3 3 3 3 3 3 3 3 3 3 3 3 3 3 3 3 3 3 3 3 3 3 3 
FHS0837,,1 2 1 2 1 2 1 2 1 2 ,1 
EDA0684,,1 2 1 2 1 1 2 2 1 2 1 2 1 2 ,1 
KBL0260,,1 2 1 2 1 2 1 2 1 2 ,1 
AKF0709,,1 2 1 2 1 2 1 2 1 2 ,1 
GAF0060,,1 2 1 2 1 2 1 2 1 2 ,1 
VMJ0147,,1 2 1 2 1 2 1 2 1 2 ,1 
KKC0683,,1 2 1 2 1 2 1 2 1 2 ,1 
SBN0495,,1 2 1 2 1 2 1 2 1 2 ,1 
CCM0467,,1 2 1 2 1 2 1 2 1 2 ,1 
GCC0744,,1 2 1 2 1 2 1 2 1 2 ,1 
MPM0220,,1 6 7 2 1 6 7 2 1 1 6 3 3 3 3 3 3 7 6 3 3 3 3 7 6 3 3 3 3 7 3 6 3 3 3 7 6 7 6 7 6 7 6 3 7 6 3 3 7 3 3 2 1 6 7 3 3 3 2 1 6 3 3 3 3 3 3 3 3 7 3 2 1 6 3 3 3 7 6 3 3 3 3 3 3 3 3 7 3 6 7 6 3 3 3 3 7 6 3 3 3 7 6 3 7 1 6 3 3 3 7 6 3 7 3 6 3 3 7 2 1 6 3 3 7 3 2 1 6 3 3 3 3 7 1 6 3 3 3 3 3 3 7 2 6 3 7 6 3 7 6 3 3 3 3 7 6 7 6 3 3 3 3 7 6 3 3 3 3 3 3 7 1 6 3 3 7 2 6 7 6 3 3 3 7 2 1 6 7 2 1 6 3 3 3 3 3 3 7 2 1 6 7 2 1 6 7 2 1 6 7 6 3 7 6 3 3 3 3 3 7 6 7 6 3 3 7 1 6 7 2 6 3 3 3 3 3 7 6 3 3 3 7 1 6 3 3 7 6 3 3 3 3 7 3 3 3 3 3 2 1 2 1 2 1 6 3 3 3 3 7 3 3 3 3 3 2 1 6 3 3 7 6 3 3 3 3 3 3 3 7 3 3 6 3 3 7 1 6 3 3 3 3 7 6 1 6 3 7 7 2 6 3 3 3 3 7 6 7 3 3 6 3 3 7 3 2 ,1 6 3 3 7 6 3 3 3 7 6 3 7 3 3 3 3 3 3 3 3 3 3 3 3 3 3 3 3 3 3 3 3 3 3 3 3 3 3 3 3 3 3 3 3 3 3 3 3 3 3 3 3 3 3 3 3 3 3 3 3 3 3 3 3 
SHR0334,,1 2 1 2 1 2 1 2 1 2 ,1 
QRM0739,,1 6 3 3 3 3 7 6 7 6 7 3 6 3 3 3 3 3 3 3 3 7 6 3 3 3 7 6 3 3 3 3 3 3 7 3 3 3 6 3 7 3 2 1 6 3 3 7 6 3 3 3 3 3 3 3 3 3 7 6 3 7 6 3 3 3 7 6 3 3 3 7 6 3 3 7 6 3 3 3 7 6 3 3 3 7 2 1 6 3 3 3 7 6 3 3 7 6 3 3 3 7 3 6 3 3 3 7 6 3 7 6 7 6 3 3 3 3 3 7 3 6 7 6 3 7 3 3 2 1 6 3 3 7 6 3 7 6 3 7 6 3 3 7 6 3 3 3 3 3 7 6 3 3 3 3 3 7 6 7 6 7 6 3 3 3 3 3 7 6 3 7 3 2 1 6 3 3 3 7 6 3 7 6 3 3 3 3 3 3 3 3 3 3 7 3 6 7 6 3 3 3 3 7 6 3 7 6 3 3 7 6 3 7 6 3 3 3 7 2 ,1 6 3 3 3 3 3 7 3 3 3 3 3 3 3 3 3 3 3 3 3 3 3 3 3 3 3 3 3 3 3 3 3 3 3 3 3 3 3 3 3 
KSP0966,,1 2 1 2 1 2 1 2 1 2 ,1 
DLH0029,,1 2 1 2 1 2 1 2 1 2 ,1 
BTN0061,,1 1 2 1 1 2 1 1 2 2 1 1 2 1 1 2 ,1 
SAT0194,,1 2 1 2 1 2 1 2 1 2 ,1 
FAW0032,,1 2 1 2 1 2 1 2 1 2 ,1 
CNM0800,,1 2 1 2 1 2 1 2 1 2 ,1 
WLV0566,,1 2 1 2 1 2 1 2 1 2 ,1 
QJR0688,,1 1 2 2 1 6 3 3 3 3 7 6 3 3 3 7 2 1 1 2 2 1 6 3 3 7 2 1 6 7 2 1 1 2 2 ,1 3 3 3 
HSB0196,1 5 5 4 5 5 5 5 5 5 5 6 3 5 3 5 4 3 7 5 4 4 5 5 4 5 4 4 5 5 5 5 5 5 5 5 5 6 3 3 3 3 7 3 3 3 3 3 3 5 5 5 5 5 6 3 3 4 3 7 4 4 4 6 3 3 7 6 3 7 6 3 3 3 7 6 3 7 6 3 3 7 6 3 3 7 2 ,1 6 3 3 3 3 7 6 7 6 3 3 7 4 4 6 3 7 4 4 4 4 6 4 3 7 3 6 3 3 7 6 7 3 6 3 3 7 6 3 3 3 3 3 3 3 3 3 3 7 2 1 6 3 3 3 7 3 6 3 7 6 3 3 3 7 6 3 7 6 3 3 7 6 3 3 3 7 6 3 3 3 3 3 3 3 3 3 3 7 6 3 3 3 7 2 1 6 3 3 7 6 3 3 7 6 3 3 3 3 3 3 3 3 3 3 3 3 7 6 3 3 7 6 3 3 7 6 3 7 6 3 3 7 2 1 6 7 6 3 3 3 3 7 6 3 3 3 3 3 3 3 3 3 3 3 7 3 6 3 3 3 7 6 7 6 3 7 6 3 3 3 7 6 7 6 3 3 3 7 3 2 1 6 3 3 3 7 6 3 3 7 6 3 3 7 6 3 3 3 3 3 3 3 3 7 3 3 6 3 7 6 3 3 3 3 3 3 7 6 7 6 3 7 6 3 3 7 2 1 6 3 3 7 6 3 3 7 6 3 3 3 3 3 3 3 3 3 3 7 6 7 3 6 3 7 6 3 3 3 3 7 6 7 6 3 3 3 3 7 2 1 6 3 3 3 3 3 3 7 3 6 3 7 6 3 3 3 3 3 3 3 7 6 7 3 6 3 3 7 6 3 3 7 6 3 3 3 3 3 7 3 2 ,1 6 3 3 7 6 3 3 7 6 7 6 3 3 3 3 3 3 7 6 3 3 3 7 6 3 7 6 7 6 3 3 3 3 3 7 2 1 6 3 3 7 3 3 3 3 3 3 3 3 3 3 3 3 3 3 3 3 3 3 3 3 3 3 3 3 3 3 3 3 3 3 3 3 3 3 3 3 3 3 3 3 3 3 3 3 3 3 
CAH0936,,1 1 2 1 1 2 1 1 2 2 1 1 2 1 1 2 ,1 
ZMC0284,,1 2 1 2 1 2 1 2 1 2 ,1 
RHO0732,,1 6 7 1 6 1 2 7 6 3 7 2 1 1 6 3 7 6 3 3 3 3 3 7 2 1 6 7 6 7 1 2 2 1 6 3 3 7 3 1 6 3 3 3 7 2 1 1 6 3 3 7 6 7 2 ,1 3 3 3 3 3 3 3 
BTL0226,,1 2 1 1 2 1 2 1 1 2 1 1 2 ,1 
PRM0740,,1 2 1 2 1 2 1 2 1 2 ,1 
DDA0476,,1 2 1 2 1 2 1 2 1 2 ,1 
